Player,Actual_G+A_24_25,Predicted_G+A_24_25
Aaron Ciammaglichella,0,-0.01714322779358668
Aaron Cresswell,0,0.16684725912336518
Aaron Malouda,0,-0.008727118535108436
Aaron Ramsdale,0,0.0035985175787174306
Aaron Wan-Bissaka,7,7.082980277984857
Aarón Martín,8,8.116418244521084
Abakar Sylla,1,1.1130800117705824
Abdallah Sima,9,9.009780522926352
Abde Ezzalzouli,4,4.120090574358716
Abdel Abqar,1,0.8026387191273205
Abderrahman Rebbach,0,-0.0010862879214595944
Abdou Harroui,3,2.7872831765608206
Abdoul Koné,0,-0.0107917376597913
Abdoulaye Bamba,0,-0.012905955241971245
Abdoulaye Doucouré,5,4.575428965590316
Abdoulaye Keita,0,-0.022280507486207246
Abdoulaye Niakhate Ndiaye,1,0.891395397641632
Abdoulaye Touré,11,10.81986809624774
Abdoulie Ceesay,0,0.028091752681293214
Abdukodir Khusanov,0,0.007785464586807511
Abdul Fatawu Issahaku,2,2.027636020650776
Abdul Mumin,3,2.9409927323475222
Abdón Prats,2,2.312702711668226
Abel,2,1.9530408802870363
Abel Ruiz,4,3.866347937289484
Abner,2,2.0826395481978524
Aboubacar Bassinga,0,-0.01720125193091354
Achraf Hakimi,10,9.940729159362135
Adam Armstrong,4,3.9190980247593195
Adam Aznou,0,-0.08886785676434644
Adam Dźwigała,0,-0.09534151072328007
Adam Hložek,12,12.060734714801303
Adam Lallana,2,2.0833777908976976
Adam Marušić,4,4.073984463484825
Adam Masina,3,3.090474816713135
Adam Obert,2,1.8915906181333697
Adam Smith,0,0.046943172412381884
Adam Webster,0,-0.0005544027467315193
Adam Wharton,2,2.074965670608165
Adama Boiro,0,-0.054388814099287974
Adama Traoré,9,8.969856115387193
Ademola Lookman,20,19.985714738796098
Adnan Januzaj,3,2.894055069046613
Ado Onaiwu,5,5.055500493223025
Adri Embarba,2,2.1486526242449235
Adrian Baquerin,0,0.03376006523723302
Adrian Beck,5,5.047877829240788
Adrian Benedyczak,0,0.022592444026144798
Adrian Bernabe,2,2.05698682225676
Adrian Niño,0,-0.004407089506176631
Adrian Rodriguez,0,-0.02696577546318729
Adrien Rabiot,13,12.936408555264308
Adrien Tameze,0,0.06197344389682269
Adrien Thomasson,10,10.088316678702972
Adrien Truffert,4,3.873637774001835
Adrià Altimira,0,0.06157523864803194
Adrià Pedrosa,2,1.9333490512690523
Adrián,0,-0.05895598575096067
Adryelson,0,-0.01982368590281136
Adu Ares,0,-0.015958473600226564
Aihen Muñoz,0,0.021319028835883103
Aimar Oroz,9,9.128458963552642
Aimen Moueffek,1,0.833955252564909
Aingeru Olabarrieta,0,-0.01483733982191926
Ainsley Maitland-Niles,5,5.006804979419533
Aitor Fernández,0,0.005851098266628996
Aitor Paredes,3,2.8063884041282487
Aitor Ruibal,4,3.9648078684042516
Akor Adams,4,3.9209851059396335
Alan Matturro,0,-0.08999209367947641
Alassane Pléa,15,15.239537656814901
Alban Lafont,0,-0.027171262183837752
Albert Grønbaek,3,2.8301569157206266
Albert Guðmundsson,7,7.279376842907036
Albert Sambi Lokonga,2,1.9936005054680885
Alberto Cerri,0,-0.1519398169865567
Alberto Dossena,2,1.8762810693809113
Alberto Grassi,1,0.7985609766530442
Alberto Manzoni,0,-0.05873588605816438
Alberto Marí,0,-0.012057721229912
Alberto Moleiro,7,7.058077243812441
Alberto Moreno,0,0.12843548687317663
Alberto Paleari,0,-0.024665367248079606
Alberto Risco,0,-0.056154672863581556
Alberto costa,1,0.9849271452430182
Aleix García,7,7.021812747200727
Alejandro Balde,4,3.9643166967820993
Alejandro Francés,0,-0.014135637535184209
Alejandro Garnacho,8,8.11045088928513
Alejandro Jiménez,1,0.8510241276221597
Alejandro Rodriguez,0,-0.011415444078458958
Alejo Véliz,1,0.8685080249585566
Aleksandar Pavlovic,1,1.1372317769569695
Aleksandar Sedlar,0,-0.0011294557263931138
Aleksandr Golovin,3,2.887550051138932
Alen Sherri,0,-0.030139601830955542
Alessandro Bastoni,6,6.028859245419419
Alessandro Bianco,1,0.8881076523190892
Alessandro Buongiorno,1,1.0368464258267294
Alessandro Circati,0,0.0006960347130175459
Alessandro Deiola,3,2.9600691049279964
Alessandro Florenzi,0,0.011703343066217009
Alessandro Gabrielloni,2,2.0775255034967386
Alessandro Marcandalli,0,0.04288015754229868
Alessandro Vogliacco,2,2.066879145164848
Alessandro Zanoli,1,0.9809726176769282
Alessio Cacciamani,0,-0.0151788108426959
Alessio Iovine,0,-0.07468134260724335
Alessio Romagnoli,2,2.127425384031747
Alessio Zerbin,2,2.0478830919572935
Alex Baena,16,15.924419468187773
Alex Iwobi,15,15.111901293082054
Alex Král,1,0.9018953910162515
Alex McCarthy,0,-0.031069267769973097
Alex Meret,0,0.02866974008450507
Alex Padilla,0,-0.011002292451341489
Alex Palmer,0,-0.003726539501370807
Alex Scott,0,-0.06682933120311219
Alex Sola,1,0.8500591363460193
Alexander Bernhardsson,9,9.096955362242158
Alexander Isak,29,29.11028541330693
Alexander Meyer,0,-0.038966888074652706
Alexander Nübel,1,0.8133536962005214
Alexander Prass,1,0.9227545636104904
Alexander Schwolow,0,-0.020272504152880788
Alexander Sørloth,22,21.90668888093777
Alexandre Lacazette,17,16.8583323353723
Alexis Claude-Maurice,11,10.970693423446114
Alexis Mac Allister,10,9.984352313325308
Alexis Saelemaekers,10,9.622401548678175
Alexis Sánchez,0,0.1175612233859804
Alexsandro Ribeiro,2,2.019660033535408
Alfie Dorrington,0,-0.01855614192957611
Alfie Pond,0,-0.016800415767669052
Alfon,7,7.523829130317569
Alfonso Espino,1,0.9629864450184173
Alfonso Pedraza,2,1.987950806176109
Alfred Duncan,0,0.1153412885581031
Ali Abdi,7,6.856977852436531
Ali Al Hamadi,0,-0.012002743996103182
Ali Dembélé,1,1.4323749121625406
Ali Jasim,0,-0.013055755756155196
Alidu Seidu,0,0.017599239488686746
Alieu Fadera,4,3.918722747396654
Aliou Badara Baldé,0,-0.04821999878566374
Alisson,0,0.04172487350482734
Aljoscha Kemlein,1,0.863093441062698
Allan Nyom,3,2.951692877943941
Almoatasem Al Musrati,2,2.107090002100146
Almugera Kabar,0,-0.011469811756498915
Alois Confais,0,-0.004113663222217623
Alphadjo Cissè,0,-0.029497724238622958
Alphonse Areola,0,0.07237200348121875
Alphonso Davies,3,3.002594577310573
Altay Bayındır,0,-0.0326832774621334
Amad Diallo,14,14.101384683751933
Amadou Haidara,1,0.9047428935634092
Amadou Koné,0,0.030145884592901462
Amadou Onana,3,2.8926508194210334
Amar Dedić,1,0.9765210237073141
Amath,1,1.0578202752513095
Ameen Al-Dakhil,0,-0.004052527989258425
Amidou Doumbouya,0,-0.021407660654106098
Amin Sarr,5,5.254231021497706
Amine Adli,2,1.9759546067823877
Amine Gouiri,18,17.814410398317754
Amine Harit,6,5.138719592224616
Amine Salama,0,0.056719886235877204
Amir Richardson,2,2.0192853514999594
Amir Rrahmani,4,4.189088951363486
Amos Pieper,0,0.060603565292288664
Anass Salah-Eddine,1,0.9492196586760726
Anass Zaroury,4,4.013469475895954
Anastasios Douvikas,8,8.115354143675374
Ander Barrenetxea,4,4.113344125017777
Ander Guevara,1,1.0905828201641672
Ander Herrera,0,-0.016744920191971602
Andoni Gorosabel,2,2.1174405869641664
Andre-Frank Zambo Anguissa,10,10.115197414329451
Andrea Belotti,2,1.9353567756758108
Andrea Cambiaso,5,4.995984936202431
Andrea Carboni,1,1.0544772492079422
Andrea Colpani,3,2.8934035141898624
Andrea Mazza,0,-0.017689251567651665
Andrea Petagna,0,-0.02384784929889916
Andrea Pinamonti,11,11.055329166546866
Andreas Albers,1,1.111715984736365
Andreas Christensen,0,-0.033039096588154626
Andreas Hanche-Olsen,2,1.773442010644784
Andreas Pereira,6,6.0043278920611804
Andreas Skov Olsen,2,1.9784783560028032
Andrei Ratiu,5,5.227562050503655
Andrej Ilic,7,6.581882686616911
Andrej Kramarić,19,19.37043378870324
Andrew Omobamidele,0,0.24747630405643584
Andrew Robertson,1,1.118658894969258
Andrey Santos,13,12.857141506657417
Andriy Lunin,1,0.8932250727867779
András Schäfer,2,2.060952082232586
André,0,0.06850252654337441
André Ayew,5,5.088195217080372
André Ferreira,0,-0.04621246597255774
André Gomes,0,0.07829341160294645
André Onana,0,0.015770305143025243
André Silva,4,4.694122560830607
Andrés García,0,-0.06268550239791337
Andu Kelati,2,1.7305755305155812
Andy Delort,0,0.15352973824615002
Andy Diouf,3,3.0166182165981508
Andy Irving,0,-0.06324004570522329
Andy Pelmard,0,-0.038301182166690984
Ange Martial Tia,0,0.01997012357827277
Ange-Yoan Bonny,10,10.091186559186893
Angel Gomes,2,2.0848374871552537
Angeliño,3,2.9906703479835604
Angelo Fulgini,2,2.2112089043162557
Angelo Stiller,9,8.823044108133436
Anrie Chase,0,-0.049669223840554944
Ansgar Knauff,9,9.07069284294382
Ansu Fati,0,-0.02602890846184247
Ante Budimir,25,24.89724926063995
Ante Rebić,1,0.7572385214246786
Anthony Briançon,0,-0.0192146943603978
Anthony Caci,8,8.036162152207407
Anthony Elanga,17,16.975241558466365
Anthony Gordon,11,10.828111416791655
Anthony Jung,0,0.04802483369283439
Anthony Lopes,0,-0.006633317114692727
Anthony Losilla,0,0.028570170905367953
Anthony Rouault,1,0.9330698774686366
Antoine Bernede,1,1.0933651092272962
Antoine Griezmann,15,15.213969187971527
Antoine Hainaut,2,1.866882488911255
Antoine Joujou,2,2.4002627327681365
Antoine Makoumbou,3,3.1414498330753657
Antoine Mendy,0,-0.033531889104649604
Antoine Semenyo,16,16.15617779665688
Anton Stach,3,2.9256418895227623
Antonee Robinson,10,10.052783776626443
Antonino Gallo,2,1.9195868559638094
Antonio Blanco,1,0.9407036521145435
Antonio Candela,1,0.9074674923735826
Antonio Nusa,6,5.890469554799697
Antonio Raillo,2,1.9059322910935457
Antonio Raimondo,0,0.06923286179313581
Antonio Rüdiger,0,0.03531678352300571
Antonio Sanabria,3,2.759709681044203
Antonio Sivera,0,0.05671917082874145
Antonio Sánchez,0,-0.07620504195345601
Antoniu,1,0.8250385877962949
Antony,7,7.0303758233031495
Antonín Barák,0,-0.14453526497064845
Antonín Kinský,0,-0.011403095063581836
Anuar,2,1.9256253128744913
Archie Gray,0,-0.012694471476027647
Arda Güler,7,7.223373399537159
Ardian Ismajli,0,0.043154587488231755
Aridane Hernández,0,0.036751992367782704
Arijanet Muric,0,0.01900679212035916
Arijon Ibrahimović,0,-0.03538717879539821
Aristide Zossou,0,-0.009855329645105437
Aritz Arambarri,0,-0.02109823594506821
Aritz Elustondo,0,0.11256700943100051
Arkaitz Mariezkurrena,2,1.8378696750905035
Armando Broja,0,0.017487028002440175
Armando Izzo,2,2.0441150700248873
Armel Bella Kotchap,0,0.015298149555960983
Armin Gigovic,6,5.992411659758213
Armindo Sieb,4,3.9471697669841403
Arnau Martinez,4,4.096741175068441
Arnau Rafús,0,-0.026139099540443245
Arnau Solà,0,-0.01573448340430067
Arnau Tenas,1,1.2036687151293288
Arnaud Kalimuendo,20,19.572517610180093
Arnaud Nordin,5,4.819487174940791
Arnaut Danjuma,4,4.396543120594165
Arne Engels,0,-0.09011281540653626
Arne Maier,0,0.016304653372354094
Aron Dønnum,4,3.969981266261526
Arouna Sangante,3,2.677133435444632
Arsen Zakharyan,1,0.9265811690564703
Artem Dovbyk,14,14.300902522168832
Arthur,1,1.0692273981442544
Arthur Atta,1,0.8278771725557372
Arthur Chaves,1,0.9081460814473137
Arthur Desmas,0,0.01701731770786874
Arthur Melo,0,-0.044258496957062965
Arthur Theate,0,0.2529859952638277
Arthur Vermeeren,2,2.137726474672593
Arturo Rodríguez,0,-0.008913206941562335
Arvid Brorsson,0,-0.023912158098352676
Asher Agbinone,0,-0.021572965461567062
Ashley Young,4,3.88337114357263
Asier Villalibre,2,1.8147470498503737
Assan Ouedraogo,0,-0.009857864414449191
Assane Diao,12,11.975675384557471
Assane Dioussé,0,-0.002034477136199808
Aster Vranckx,0,-0.0023650221736876698
Augustine Boakye,3,3.0359838607682774
Augusto Batalla,0,0.07074921758544406
Aurele Amenda,0,0.0653664552156693
Aurélien Tchouaméni,0,0.14775049342851487
Aurélio Buta,1,1.0650457914927063
Axel Camblan,0,-0.010846254858716431
Axel Disasi,1,0.9772474021839463
Axel Gueguin,0,-0.01786474092674628
Axel Tapé,0,-0.03374947193485006
Axel Tuanzebe,1,0.9428700822370484
Axel Witsel,1,1.0023579072245303
Ayanda Sishuba,0,-0.017181910551804958
Ayden Heaven,0,-0.040205640498927886
Ayman Aiki,0,0.0002825869393315861
Ayman Azhil,0,-0.02132778838659244
Aymen Barkok,0,-0.06948948086424422
Ayoze Pérez,21,21.300121323041868
Ayyoub Bouaddi,1,0.9375171116924148
Azor Matusiwa,4,4.101261669211594
Aïssa Mandi,0,0.08157171629821325
Badredine Bouanani,6,5.974860492154452
Bafodé Diakité,5,5.092274258922178
Bahereba Guirassy,2,1.9692461486046695
Balthazar Pierret,0,0.14592614743313792
Bamba Dieng,3,2.8851961284609837
Bamo Meïté,0,0.07567855108766608
Baptiste Santamaria,1,0.9381035350030404
Bart Verbruggen,1,0.9353340955861282
Bazoumana Touré,3,2.956034497912872
Becir Omeragic,0,0.002639669489935992
Ben Alexander Voll,0,-0.023093566801081433
Ben Brereton,0,0.02947509522147751
Ben Chilwell,1,1.038282409247798
Ben Davies,0,-0.0367189382318156
Ben Godfrey,0,-0.024893640852184595
Ben Johnson,3,2.869269111189573
Ben Lhassine Kone,0,-0.023042934179729024
Ben Mee,0,-0.02981432345547086
Ben Old,0,0.009468668573183514
Ben Viadere,0,0.04434779244155429
Ben White,2,2.165361714941504
Ben Winterburn,0,-0.006719417137161565
Bence Dárdai,2,1.9197372498502552
Benedict Hollerbach,10,10.07366183711238
Benedikt Gimber,0,0.025355973331227577
Benedikt Pichler,3,2.908615184690293
Benito Ramírez,0,-0.15888581249111705
Benjamin André,3,3.0255859895553
Benjamin Bouchouari,1,1.1056161346761386
Benjamin Bourigeaud,1,0.954462464642384
Benjamin Henrichs,2,2.0981752802105604
Benjamin Lecomte,0,0.02495717940291453
Benjamin Pavard,1,0.9791272028913054
Benjamin Siegrist,0,-0.02003635936666881
Benjamin Šeško,18,18.12586452887965
Benjamín Domínguez,5,4.790003292162302
Benoît Badiashile,0,-0.024278571607442567
Berat Djimsiti,3,2.901778517473869
Beres Owusu,0,-0.01952991105516244
Bernard Nguene,0,-0.0058013017467765104
Bernardo,0,0.12074197842512602
Bernardo Silva,8,7.9001250078080325
Bernd Leno,1,1.1404528369844513
Bertuğ Yıldırım,1,0.9020071507610181
Beto,8,8.049247789175153
Beñat Prados,1,0.8093451358992587
Beñat Turrientes,0,-0.03803083726816758
Bilal Brahimi,0,-0.03134509886323433
Bilal El Khannouss,5,5.108558728526095
Bilal Nadir,1,1.0253135402013935
Billy Gilmour,1,1.0181259910553617
Birama Touré,0,-0.07651266265905116
Bjarki Bjarkason,0,-0.00420024159989596
Bob Murphy Omoregbe,0,-0.016535155604000318
Bobby De Cordova-Reid,3,2.9167008140297894
Bojan Miovski,3,3.0909095453894073
Borja Iglesias,14,13.99239761919845
Borja Mayoral,6,6.0367811006252055
Borna Barišić,0,-0.029562295553031803
Borna Sosa,0,0.026983384229067542
Botond Balogh,1,0.8586672996523224
Boubacar Kamara,1,1.1283999251052226
Boubacar Traoré,0,-0.014715287877421213
Boubakar Kouyaté,0,0.16656488069093023
Boubakary Soumaré,0,0.06955766707572264
Boulaye Dia,12,12.021865373952979
Bradley Barcola,24,23.774373100864818
Bradley Locko,0,-0.04063661018573683
Brahim Díaz,6,6.060312890561029
Brais Méndez,5,4.969491095422066
Brajan Gruda,5,4.929208408695052
Brandon Austin,0,-0.013188645463855453
Breel Embolo,10,10.007317757693741
Brendan Chardonnet,1,0.9063184292419093
Brennan Johnson,14,13.856046065587272
Brenner,3,2.9348336026662416
Brian Oliván,1,1.072438628512869
Brice Samba,0,0.024257746641075717
Brooke Norton-Cuffy,0,-0.04101232833211499
Bruno Fernandes,18,18.096540486627617
Bruno Guimarães,11,10.890340435567154
Bryan Cristante,6,5.9612107603497755
Bryan Gil,6,5.9386008623883555
Bryan Mbeumo,27,27.093480839634026
Bryan Zaragoza,7,6.8979272186419855
Budu Zivzivadze,5,4.888378501038574
Bukayo Saka,16,16.414504343340997
Caio Henrique Oliveira Silva,6,6.087286586183231
Caleb Ekuban,4,3.8373155247139503
Caleb Kporha,0,-0.0084415572168276
Caleb Okoli,1,0.9212748697117912
Caleb Wiley,1,0.8967228427025833
Callum Hudson-Odoi,7,7.0990441327860125
Callum Wilson,0,-0.0051145433802571305
Calvin Bassey,1,0.9477509575245016
Cameron Archer,2,1.4683900610900404
Cameron Burgess,2,2.0840404333080946
Can Uzun,5,5.074878900112408
Caoimhín Kelleher,0,-0.030747961164674487
Carl Johansson,0,-0.05585941179836368
Carl Starfelt,1,1.0573198506410666
Carlens Arcus,1,1.016984051710529
Carles Aleñá,2,1.9087276499603707
Carles Pérez,3,2.831473141561413
Carlo Boukhalfa,2,1.98183882904764
Carlos Alcaraz,5,4.093892302077855
Carlos Augusto,5,5.024568701761417
Carlos Baleba,4,4.217211046556326
Carlos Benavídez,2,1.9739861961721497
Carlos Dominguez,0,0.02367554205278649
Carlos Forbs,0,-0.034675253852655574
Carlos Guirao,0,-0.024798740403560393
Carlos Gómez,3,2.8672809494944995
Carlos Martín,4,4.187013755487381
Carlos Romero,3,2.8879119893198144
Carlos Soler,2,1.9703082916384793
Carlos Vicente,10,9.788316488327704
Carlos Vinícius,0,-0.015330069811411773
Carmona,0,0.2751314948799608
Carney Chukwuemeka,1,0.992926942093725
Casemiro,1,1.193510141945993
Casper Tengstedt,7,6.959881894755471
Castello Lukeba,0,0.07077308968161627
Catena,4,4.255046457337986
Cedric Zesiger,2,1.7211615738392552
Cenk Özkacar,0,-0.009615060472134784
Cesare Casadei,2,1.8134009788417624
Chadi Riad,0,-0.024963605307560144
Charalambos Lykogiannis,4,3.7695625739212466
Charles De Ketelaere,14,13.9669661525259
Charlie Cresswell,4,4.07871259160075
Charlie Taylor,0,-0.04971518272162562
Che Adams,12,12.171742822084093
Cheick Doucouré,0,0.03397215073225096
Cheick Oumar Conde,0,-0.007674400636390577
Cheikh Tidiane Niasse,0,0.005169010262410179
Chema,0,-0.013596650878934913
Cher Ndour,0,-0.049567811831319364
Chidera Ejuke,3,3.0044381308062276
Chidozie Obi-Martin,0,-0.003277055947634222
Chiedozie Ogbene,0,-0.012628336651680783
Chiquinho,0,-0.0736493459078027
Chris Führich,5,5.040514557408109
Chris Richards,1,0.8616624790696008
Chris Wood,23,22.84777300192681
Chrislain Matsima,2,2.1089634976042637
Christantus Uche,10,10.172287503559216
Christian Eriksen,3,3.5112290862387323
Christian Gytkjær,3,2.9233611980708245
Christian Günter,4,3.8738250946950745
Christian Kabasele,2,2.151013922211192
Christian Kouamé,2,2.018199310267375
Christian Mawissa,0,-0.03275473982332838
Christian Nørgaard,9,9.13504725232856
Christian Pulisic,20,20.10340762850889
Christian Walton,0,-0.038979338919209294
Christoph Baumgartner,3,2.8615239620620154
Christopher Nkunku,5,5.0941491452481795
Christopher Operi,2,1.924311569656044
Christopher Trimmel,3,3.0172176556519053
Christopher Wooh,0,0.07788245598621052
Christos Mandas,0,-0.02844100913710257
Chuba Akpom,4,3.691150602927443
Chuky san jose,2,2.3240158572175775
Claudio Echeverri,0,-0.008431711870432457
Clinton Mata,4,4.230032803580597
Clément Akpa,1,1.0039381839728998
Clément Lenglet,3,3.0619621267667214
Coba da Costa,2,1.9488691662469657
Cody Gakpo,14,13.972666682486667
Cole Campbell,0,-0.004400828633482345
Cole Palmer,23,23.297691299854286
Connor Metcalfe,0,-0.02599193850802506
Conor Bradley,2,1.9368906476023273
Conor Chaplin,2,1.9841487768479942
Conor Coady,1,0.9924721194615342
Conor Gallagher,6,6.075185674037039
Conor Townsend,1,1.0407465922837837
Copete,0,0.0373169091139397
Corentin Tolisso,11,10.927626163711873
Craig Dawson,0,-0.06619695435076262
Cristhian Mosquera,1,0.9988481127731959
Cristhian Stuani,13,13.107936211961823
Cristian Cásseres Jr.,4,4.186142956493153
Cristian Gamboa,1,0.9175647075840894
Cristian Romero,1,0.9563632332135208
Cristiano Biraghi,1,1.3169581825448944
Crysencio Summerville,2,2.020940326683793
Cucho,6,6.100319267909921
Curtis Jones,6,5.993035025406183
Cyle Larin,9,9.153469851885532
Cyril Ngonge,0,0.05221737185629571
Cédric Bakambu,4,3.8401083053314307
Cédric Hountondji,0,-0.03838972341162855
Cédric Kipré,1,0.9456477520554192
César Azpilicueta,1,0.9815398625362635
César Tárrega,2,2.0585637580683414
Daichi Kamada,0,-0.04683516385158687
Dailon Livramento,2,2.069698175859025
Daler Kuzyaev,1,1.0823648771616232
Daley Blind,2,1.8076212695036031
Daley Sinkgraven,0,-0.050729883272152054
Damián Pizarro,0,-0.014333040770697969
Damián Rodríguez,0,0.05650349924401671
Dan Burn,2,1.9553783175238757
Dan Ndoye,12,12.02508788249224
Dan-Axel Zagadou,0,-0.020009808230566084
Dane Scarlett,1,0.8989588992045425
Danel Sinani,4,3.98642408441439
Dango Ouattara,11,10.785754718954019
Dani Carvajal,1,1.098663857419732
Dani Ceballos,0,0.19665035521711982
Dani Cárdenas,0,-0.04322886509828794
Dani Gómez,2,2.1044903368642487
Dani Olmo,13,13.100946713011625
Dani Raba,14,14.284284965293937
Dani Rodríguez,11,10.99343614703354
Dani de Wit,3,3.040426410552294
Daniel Bandeira,0,-0.030283206827446785
Daniel Bentley,0,-0.02824353471062191
Daniel Díaz,0,-0.009235590992054399
Daniel Fila,2,1.9957130405505712
Daniel Jebbison,1,0.9964458273943644
Daniel Luna,0,-0.012453351266608403
Daniel Maldini,6,6.274881270748454
Daniel Mosquera,6,6.044194668887409
Daniel Muñoz,9,8.894251175322013
Daniel Oyegoke,0,-0.02639046207532797
Daniel Parejo,6,6.135594866157149
Daniel Peretz,0,-0.029872736266295663
Daniel Podence,0,-0.0393884808958711
Daniel Requena,0,-0.017275609487891863
Daniel Rodriguez,0,-0.035228830019544244
Daniel Svensson,4,3.965510035405884
Daniel Vivian,4,3.945664594989046
Daniel Yáñez,0,-0.00661176252539486
Daniele Baselli,0,-0.009396735975517878
Daniele Ghilardi,0,0.055881723616928336
Daniele Padelli,0,0.0389380130549834
Daniele Sommariva,0,-0.006181833688137961
Danilho Doekhi,2,1.9945635901594252
Danilo,1,1.0209588074702327
Danilo,0,0.02857271717179455
Danilo Cataldi,3,3.0609201294725534
Danilo D'Ambrosio,1,0.7921206217618073
Danilo Veiga,0,0.03793460774077306
Danny Ings,3,3.0597779964963228
Danny Ward,0,-0.02689923283434964
Danny Welbeck,14,14.267232848361223
Danny da Costa,1,0.9541296145956988
Dante,0,0.3182205144957293
Dany Mota,7,6.988156296146704
Dara O'Shea,2,2.032423109668525
Dario Essugo,1,1.0275869116535485
Darko Brašanac,3,2.843283561954242
Darko Lazović,5,5.205200273907044
Darryl Bakola,0,0.0030832455577857742
Darwin Machís,1,1.0382642805536262
Darwin Núñez,7,7.31870418845863
Darío Fuentes,0,-0.012573966233678402
David Akpan Ankeye,0,0.005725277585194588
David Alaba,0,-0.04719697661705313
David Argüelles,0,-0.017584381222677803
David Brooks,2,2.024739824834545
David Costa,0,0.010323812593266424
David Jurásek,1,0.9854746752425929
David López,2,2.0172655338434797
David López,0,-0.025779391692146936
David Mokwa,0,-0.1052039925430685
David Nemeth,1,0.9356835752764718
David Neres,6,5.874525860085091
David Odogu,0,-0.00680676547902509
David Otorbi,0,-0.017608825706136977
David Preu,0,-0.018519584215922813
David Raum,6,6.088250770704363
David Raya,0,0.030760592755787686
David Soria,0,-0.009201329142297543
David Torres,0,0.02963904002936063
David Zec,2,2.060846688771646
David de Gea,1,0.8279934570014276
Davide Bartesaghi,0,0.08447033627402228
Davide Calabria,1,1.0381317938454848
Davide Faraoni,0,-0.06045030162063225
Davide Frattesi,6,5.926067694443198
Davide Zappacosta,6,6.030795620394441
Dayot Upamecano,2,2.0584159527003316
Dean Henderson,0,-0.03158159268011618
Dean Huijsen,5,5.218863285408817
Declan Rice,11,10.815684338452323
Dehmaine Assoumani,0,0.029973573352522098
Deiver Machado,5,5.370692125821606
Dejan Kulusevski,11,10.974782783996751
Dele Alli,0,0.0431412030329168
Denis Genreau,0,-0.01097833877982557
Denis Suárez,2,2.0252709162261353
Denis Thomalla,0,-0.024459637109459198
Denis Vavro,2,2.1508391324964355
Denis Zakaria,10,9.802889301296782
Deniz Undav,12,11.84735391516297
Dennis Appiah,1,0.9937995878454378
Dennis Geiger,0,0.009755918811718
Dennis Man,8,7.9296554181776
Denzel Dumfries,9,8.808644838373132
Derek Cornelius,0,0.17960885450195607
Derrick Köhn,4,3.93713672273207
Destiny Udogie,1,1.1346165754345763
Devis Vásquez,0,-0.02605247188122245
Devyne Rensch,1,0.9570134387336175
Diadie Samassékou,0,-0.024899454239876273
Diego,3,3.1871987611777453
Diego Carlos,0,-0.00523281997345959
Diego Conde,1,0.9677226789993538
Diego Coppola,2,2.1122754061536915
Diego Gómez,1,0.9648160509970727
Diego Iturralde,0,-0.00585397777645047
Diego Llorente,2,2.137064144220051
Diego López,13,13.075474100430958
Diego Martín,0,-0.016112305958630002
Diego Moreira,9,8.85351977087669
Diego Pugno,0,0.04747849562692019
Diego Rico,3,2.710866295162337
Dilane Bakwa,14,13.910006653755685
Dimitri Foulquier,1,1.054036013377583
Dimitris Giannoulis,5,5.021885421685196
Dimitry Bertaud,0,-0.0326832774621334
Dinko Horkaš,0,-0.03201651974413999
Diogo Dalot,3,3.040136463825351
Diogo Jota,9,8.905577148978187
Diogo Leite,3,3.2159850906239678
Divin Mubama,0,-0.01713289580601801
Djaoui Cissé,1,1.020897504406398
Djed Spence,3,2.684328358578844
Djené,0,-0.026223864825756782
Djibril Sidibé,3,3.1656617783752408
Djibril Sow,3,2.956708460974277
Djylian N'Guessan,0,-0.032525944291475484
Dodi Lukebakio,13,13.087765141150552
Dodô,5,5.606916892927098
Domagoj Bradarić,1,0.8780718186269512
Domen Črnigoj,0,-0.009789350011971565
Domingos André Ribeiro Almeida,4,4.007799452625148
Domingos Duarte,1,0.7521348935347303
Dominic Calvert-Lewin,4,4.0293156175717435
Dominic Solanke,12,11.96332535210358
Dominik Greif,0,0.024315381597878938
Dominik Javorček,2,1.8698121818780211
Dominik Kohr,2,1.8370693094280335
Dominik Szoboszlai,12,11.840953004307142
Donny van de Beek,4,3.9262795917924103
Donovan Léon,2,2.1178484494158303
Donyell Malen,6,6.0548912964970505
Douglas,6,6.164216190465613
Douglas Luiz,0,0.1133291918921081
Drissa Camara,0,0.05056111077795722
Duje Ćaleta-Car,1,0.9550536019160856
Duk,0,0.018559707310635054
Duván Zapata,3,2.830889983366077
Dušan Vlahović,14,14.12236499977688
Dwight McNeil,10,9.97121354719893
Dylan Batubinsika,1,0.9284409235177762
Désiré Doué,12,12.070672810271995
Eberechi Eze,16,16.189020489640377
Eddie Nketiah,4,4.262094675195851
Ederson,4,3.861327967901772
Edhy Zuliani,0,-0.01787869693024513
Edimilson Fernandes,1,1.0119957898096332
Edmond Tapsoba,0,0.07802445775464195
Edmond-Paris Maghoma,0,-0.06343538571888879
Edoardo Bove,3,2.97814721260579
Edoardo Goldaniga,1,0.9391995758746974
Edon Zhegrova,5,5.189438105127978
Edson Álvarez,1,0.7839698569451419
Edu Expósito,2,2.1510122613761133
Eduard Sobol,0,-0.00676843170094793
Eduardo Camavinga,3,3.0546431963327065
Eiran Cashin,0,-0.008048432659237992
El Bilal Touré,3,2.8924267198215463
El Chadaille Bitshiabu,0,0.053574124699930226
Eldor Shomurodov,8,7.94633685723665
Elia Caprile,0,0.05135785871587367
Elias Saad,5,5.028762218409025
Eliesse Ben Seghir,9,9.38573235538206
Elif Elmas,4,3.9067642549036115
Eliot Matazo,0,-0.00017265547856692987
Elisha Owusu,4,4.080941259721454
Elliot Anderson,8,7.986583437303823
Ellyes Skhiri,3,3.0897810940160655
Eloge Zabi,0,0.10791479378654706
Elseid Hysaj,3,2.592238871031561
Elvis Rexhbeçaj,2,1.847681258145823
Elye Wahi,4,4.1071282927377855
Elysée Logbo,0,-0.029131700688153073
Emanuel Emegha,17,16.74208811583371
Emanuele Valeri,8,7.903059473029243
Emerson,0,0.06404489826126736
Emerson Palmieri,3,2.9280009477468556
Emi Buendía,2,2.0936246840453014
Emil Audero,0,-0.034368549023043926
Emil Bohinen,0,-0.029007534577901006
Emil Holm,2,2.0146936795805463
Emil Krafth,0,-0.0598099890582533
Emile Smith Rowe,9,9.110353643872598
Emiliano Martínez,0,0.04865540595179507
Emmanuel Agbadou,1,0.9795716898280813
Emmanuel Biumla,1,0.8399918685606773
Emmanuel Ekong,0,0.05660079344431834
Emmanuel Gyasi,3,2.845332497883686
Emmanuel Koum Mbondo,0,-0.009265384986279601
Emmanuel Sabbi,0,0.03643537289013932
Emre Can,3,2.6683946967282037
Endika Buján,0,-0.01766783156865087
Endrick,1,1.2525978518406449
Enes Ünal,3,2.6576519522517144
Enric Franquesa,1,1.0922250641864384
Enrico Del Prato,4,4.030124512522477
Enzo Barrenechea,3,3.0246168844410555
Enzo Boyomo,2,2.0306935502433245
Enzo Caumont,0,-0.006624284454533114
Enzo Ebosse,0,-0.031333591147681805
Enzo Fernández,13,12.757344837581085
Enzo Le Fée,0,-0.06347421951401272
Enzo Loiodice,0,0.028623702115526783
Enzo Millot,11,10.92698700639104
Enzo Sternal,0,0.008262823107798356
Enzo Tchato,0,-0.026858718454031816
Eray Cömert,0,0.06165277538785274
Eren Dinkçi,3,3.1394907189625445
Erencan Yardimci,0,-0.031656560212774076
Erhan Mašović,2,2.057538246322417
Eric Bailly,0,-0.029963818630548145
Eric Dier,3,2.936042169722239
Eric García,5,5.002500821766191
Eric Smith,2,1.883079422253651
Eric da Silva Moreira,0,-0.009344786781484538
Erik Ahlstrand,0,0.01015231129124261
Erling Haaland,25,24.978310258362374
Ermedin Demirović,16,15.78043277813513
Ernest Nuamah,4,3.9814315836763288
Eros Maddy,0,0.02536183076021825
Estanis,0,0.22904538479921255
Esteban Lepaul,9,8.888946537549648
Ethan Mbappé,0,0.11260073364444939
Ethan Nwaneri,6,6.127735147413366
Ethan Pinnock,2,1.9717318230824725
Etienne Eto'o,0,-0.01269553415762914
Etienne Youte Kinkoue,0,0.06670554906208265
Evan Ferguson,1,1.0184302628576494
Evanilson,11,10.947400523498244
Evann Guessand,20,20.100409518460392
Exequiel Palacios,7,6.902629644795972
Eybi Nije,1,1.0422502464657235
Ezequiel Ávila,2,1.825213933185386
Ezri Konsa,2,2.2124746768220263
Fabian Rieder,4,3.927011840889159
Fabian Schär,4,3.900079211844569
Fabiano Parisi,2,1.8205849830238168
Fabien Centonze,0,-0.025971534001516416
Fabio Carvalho,3,2.937653944367406
Fabio Chiarodia,1,1.0631904917052104
Fabio González,0,-0.02463321095212223
Fabio Miretti,6,5.987067054777588
Fabián Ruiz Peña,9,8.907404942584021
Facundo Buonanotte,7,7.218026588828932
Facundo Garcés,0,0.0508539047923921
Facundo Medina,1,1.2612527174901915
Faik Sakar,0,-0.011126897391945612
Falaye Sacko,1,0.9066954139557857
Fali Candé,2,2.1117715572422036
Fares Chaïbi,4,4.205780857595066
Farid El Melali,5,4.929019528959243
Faride Alidou,0,-0.016321929336456265
Faris Pemi Moumbagna,0,-0.010649404269723606
Faustino Anjorin,5,4.9820713164540855
Federico Accornero,0,-0.01762039820401662
Federico Barba,0,-0.038517295519904016
Federico Baschirotto,2,2.0788901944003246
Federico Cassa,0,-0.007165975333990382
Federico Chiesa,0,-0.018874856663725792
Federico Dimarco,11,10.993923871857373
Federico Gatti,1,0.9573700962419944
Federico Ravaglia,0,-0.030887354320377813
Federico Valverde,10,9.977074196497764
Felix Agu,3,2.8273685489863234
Felix Nmecha,5,4.694317162652746
Felix Passlack,7,6.963329984417985
Fellipe Jack,0,0.029607187996858353
Ferdi Kadioglu,1,1.2323652158324951
Ferland Mendy,1,0.9444957518572359
Fermin López,11,10.784365164331213
Fernando Calero,1,1.0188113656775186
Ferrán Ruiz,0,-0.015971401520297912
Ferrán Torres,16,15.493737987520557
Fikayo Tomori,1,0.8932977238497166
Filip Jørgensen,0,-0.004796711461620307
Filip Marchwiński,0,-0.01663941200028779
Filip Stankovic,0,-0.005334311305722705
Filippo Melegoni,1,1.278765343417911
Filippo Terracciano,0,0.009340492021388869
Finley Stevens,0,-0.014764653394040206
Finn Dahmen,0,0.038645340352646884
Finn Jeltsch,0,-0.0652711488815601
Finn Ole Becker,1,0.854107320133898
Finn Porath,5,4.900313545624597
Fisayo Dele-Bashiru,4,3.9875633729526423
Flavius Daniliuc,0,-0.027460805567055768
Florent Hanin,3,2.865923966200725
Florent Mollet,0,-0.030668515775577332
Florent Muslija,0,-0.004943089833138736
Florian Ayé,2,1.843123582546168
Florian Grillitsch,0,0.09465492432200284
Florian Lejeune,5,5.121661545301826
Florian Micheler,0,-0.00648435200820241
Florian Müller,0,-0.018537139017416937
Florian Neuhaus,1,0.9966453304096514
Florian Sotoca,2,2.0036888105487742
Florian Tardieu,6,6.055390417170456
Florian Thauvin,11,10.863517147740916
Florian Wirtz,22,22.15308883708467
Florinel Coman,1,1.0751578452882233
Flynn Downes,1,0.9552913472741997
Fodé Ballo-Touré,0,-0.028562233998269737
Folarin Balogun,4,4.203663944801745
Fran,0,-0.02312921425443648
Fran Beltrán,3,3.0357241279938565
Fran Garcia,2,1.961496689603166
Fran Vieites,0,-0.029370676930625117
Francesco Acerbi,1,0.878013492528608
Francesco Camarda,0,0.01536968347655654
Francesco Caputo,0,0.023493724471749355
Francesco Zampano,3,3.010122665513324
Francis Coquelin,2,1.9408973493283024
Francisco Conceição,6,6.094757974286171
Francisco Perez,0,0.12830767024199574
Franck Honorat,11,11.048528892755485
Franco Carboni,0,0.026640519021749742
Franco Cervi,0,-0.08811013142365556
Frank Feller,0,-0.024629052338835666
Frank Magri,6,6.086993699023301
Frank Onyeka,1,0.9706899026712685
Frans Krätzig,3,3.037654431341387
Fraser Forster,0,-0.03542491001760695
Frederic Guilbert,1,1.2792507794362127
Frederik Rønnow,0,-0.022229494037411257
Fredrik Jensen,0,-0.025519460215291
Fredrik Oppegard,0,0.007258822757285843
Frenkie de Jong,4,4.0121744789479905
Fábio Silva,13,13.033696464799418
Félix Lemaréchal,7,7.023088656542294
Gabin Capuano,0,-0.00870209405510286
Gabriel Bares,0,0.014161509892332946
Gabriel Charpentier,3,2.931146343627365
Gabriel Gudmundsson,2,1.9437529744697688
Gabriel Jesus,3,2.8844245029567013
Gabriel Magalhães,4,4.087272879766154
Gabriel Martinelli,12,12.072330512112384
Gabriel Moscardo,0,-0.02254177633068888
Gabriel Osei Misehouy,1,1.0867031943041243
Gabriel Osho,1,0.9112370624149322
Gabriel Strefezza,10,10.186330095834194
Gabriel Suazo,6,6.1036693183426145
Gabriel Vidovic,0,-0.03959188177622397
Gabriele Zappa,2,1.9504305634224584
Gaby Jean,0,-0.016090257052456924
Gaetano Castrovilli,0,-0.049140498713579506
Gaetano Oristanio,6,6.049806980780945
Gastón Pereiro,0,-0.01991461610602091
Gauthier Gallon,0,-0.02257769307264934
Gautier Larsonneur,0,0.03364930667900434
Gautier Lloris,3,2.9943967980128092
Gavi,2,2.1548616829140927
Gaëtan Laborde,15,15.238659920262139
Gaëtan Perrin,21,21.042360471446642
Geoffrey Kondogbia,0,0.05445034622948475
George Edmundson,0,-0.0020527975841153068
George Hirst,4,3.855275675149715
George Ilenikhena,5,5.350534690902769
Georges Mikautadze,17,17.324218312661504
Georginio Rutter,8,8.018986004504454
Gerard Gumbau,1,0.9693503120782216
Gerard Martín,4,4.208883111862779
Gerard Moreno,5,5.550146750512075
Germán Valera,0,-0.002484192998718493
Gerrit Holtmann,3,2.8847265188605458
Gerónimo Rulli,0,-0.01105440462887991
Giacomo Raspadori,7,7.055523031456373
Giangiacomo Magnani,1,1.0042658987714024
Gianluca Busio,2,1.986337142821189
Gianluca Caprari,5,5.155830692500869
Gianluca Gaetano,6,6.121194018723525
Gianluca Lapadula,0,0.04537113384745767
Gianluca Mancini,2,1.8270411010636054
Gianluca Scamacca,0,-0.16202378718984387
Gianluigi Donnarumma,0,0.03720846895227037
Gideon Mensah,1,0.9818217002909249
Gift Orban,6,6.082451532654181
Gio Reyna,2,2.0230613659820826
Giorgi Mamardashvili,0,-0.07257182186953981
Giorgio Altare,0,-0.03119328108069297
Giorgio Scalvini,0,-0.03844133596950905
Giorgos Kyriakopoulos,6,6.037404804429192
Giorgos Masouras,3,2.8016683604164845
Giovani Lo Celso,11,11.17450566974851
Giovanni Di Lorenzo,5,4.902105569304435
Giovanni Fabbian,4,4.196347413888761
Giovanni Leoni,1,1.1927745092827169
Giovanni Simeone,2,2.4133098003150883
Giuliano Simeone,8,7.989938468238934
Giuseppe Ciocci,0,-0.0156923828401333
Giuseppe Pezzella,3,3.184245271974425
Gleison Bremer,0,-0.10270746632103678
Glen Kamara,1,1.0024736144976714
Goduine Koyalipou,4,4.376322059152843
Gonzalo García,1,1.3148270056282625
Gonzalo Montiel,0,-0.02116901090686979
Gonçalo Guedes,6,5.860821140557443
Gonçalo Ramos,13,13.257768588458484
Gorka Guruzeta,9,9.157881041195544
Gorka Rivera Alonso,0,-0.01768185364665864
Granit Xhaka,9,8.84571001287708
Grant Ranos,0,-0.010097796059827302
Gregor Kobel,0,0.016593600255878305
Grigoris Kastanos,2,1.94598460953309
Grischa Prömel,0,-0.043675239311946557
Grégoire Coudert,0,-0.016960890011461283
Guela Doué,3,3.1823443137901575
Guglielmo Vicario,0,0.08636583416689458
Guido Rodríguez,1,1.0587772457345657
Guillaume Restes,1,0.6796852634671704
Guillermo Maripán,2,1.9180841405125122
Guimissongui Ouattara,2,1.9284710042097104
Gustav Isaksen,6,5.983313602266685
Gustavo Nunes,0,-0.006245431575260363
Gvidas Gineitis,4,4.1773412599376005
Habib Diarra,9,9.155526338814804
Hafiz Ibrahim,1,1.2333630663563655
Hakan Çalhanoğlu,11,11.174064389101696
Hamari Traoré,1,0.986768104294645
Hamed Junior Traorè,12,11.958914218610689
Hamidou Makalou,0,-0.006349537740358457
Hamza Choudhury,0,-0.0476286774751592
Hamza Rafia,0,0.08979783183850804
Hamzat Ojediran,1,0.9160478314083864
Han-Noah Massengo,0,0.015802821305355264
Hans Hateboer,0,0.0950322218681845
Hans Nicolussi Caviglia,6,5.9678326578683105
Haris Belkebla,1,0.9528583803171935
Haris Tabakovic,4,4.018788967649561
Harrison Armstrong,0,0.04483440061622512
Harrison Reed,0,-0.02081984808010723
Harry Amass,0,-0.07427540328365362
Harry Clarke,0,0.10788142665417588
Harry Howell,0,-0.00969021462386721
Harry Kane,35,34.73667996865599
Harry Maguire,1,0.8704304650342538
Harry Toffolo,0,-0.01894045150243273
Harry Wilson,7,6.921167448281691
Harry Winks,2,1.9876930429569462
Harvey Barnes,13,12.816111562871836
Harvey Elliott,3,2.9125103316281575
Hassane Kamara,5,4.964487621541313
Hauke Wahl,0,0.16051732887645015
Henri Koudossou,0,-0.022873399826661367
Henrik Meister,1,1.048926899430377
Henrikh Mkhitaryan,5,4.929319029316469
Henrique,0,-0.0505866047101598
Hernani,6,6.385502272480961
Hervé Koffi,0,-0.029772700917237827
Hianga Mananga Mbock,0,-0.015255443195956175
Hicham Boudaoui,5,5.021698038687262
Himad Abdelli,7,7.4404834748384925
Hiroki Ito,1,1.106436455181746
Hiroki Sekine,0,-0.07511195281488536
Honest Ahanor,0,-0.011173562469375065
Hong Hyunseok,1,0.9833158003005475
Hugo Duro,13,12.890048064257108
Hugo Ekitike,23,22.6557839569574
Hugo Guillamón,0,0.004207446022916783
Hugo Larsson,4,4.322162272537151
Hugo Magnetti,1,0.9199794957924137
Hugo Novoa,0,0.0040439919938605184
Hugo Sotelo,0,0.07522147686229019
Hugo Álvarez,7,6.93716947779016
Hwang Hee-chan,2,1.9004291329722949
Hákon Arnar Haraldsson,8,7.983299460601982
Hákon Rafn Valdimarsson,0,-0.02551597856350729
Héctor Bellerín,2,1.9490071363776011
Héctor Fort,0,-0.07334045925319543
Iago Aspas,15,14.827382284647173
Iago Parente,0,-0.010414042387266287
Ian Maatsen,3,3.1847853673891926
Ibrahim Alani,0,-0.025541883849230562
Ibrahim Mbaye,2,2.373238668894292
Ibrahim Salah,2,2.042870454445278
Ibrahim Sangaré,1,0.9697484274489698
Ibrahim Sissoko,4,4.017699692315139
Ibrahim Sulemana,2,1.8467763595600903
Ibrahima Konaté,3,3.092370008953017
Ibrahima Niane,4,4.09649553388749
Ibrahima Sissoko,3,2.8752179621517397
Ibrahima Wadji,0,0.04533618337842815
Idrissa Gana Gueye,3,3.0488215979386815
Ifechukwu Ogbus,0,-0.006205931725255132
Iglesias,1,0.8438448574907063
Ignace Van Der Brempt,1,0.8886331704977517
Ignatius Ganago,0,-0.007908667743281417
Igor,0,-0.02441370860903891
Igor Matanovic,1,1.0579168768781564
Igor Miladinović,0,-0.0044845963547325285
Igor Zubeldia,0,0.08438989501553007
Ihlas Bebou,0,-0.03175473241719884
Ike Orazi,0,-0.008976040631254456
Iker Almena,1,0.893106788988848
Iker Benito,0,-0.019467730691924756
Iker Bravo,3,3.0754348312115414
Iker Córdoba,0,-0.0010650510505997302
Iker Losada,1,0.8471895736141439
Iker Muñoz,1,0.9437949753000896
Ilaix Moriba,2,1.9939032937536294
Ilias Akhomach,1,1.0858700645890622
Iliman Ndiaye,9,8.979708000566083
Illia Zabarnyi,1,1.2163110473211838
Ilyes Housni,0,-0.042851556238355404
Ionuț Radu,0,0.001938571200180983
Irvin Cardona,10,9.820824921355984
Isaac Palazón Camacho,8,7.961412286269622
Isaac Romero,6,5.849338766887826
Isak Hien,0,-0.04945369342941641
Isco,17,17.357657728197907
Ismael Bekhoucha,0,0.032113619515044045
Ismael Konate,1,0.9397722418529759
Ismail Jakobs,0,-0.04287435329277678
Ismaila Sarr,14,13.77646697756583
Ismaily,1,1.0725490968743068
Ismaël Bennacer,2,1.9741574959681913
Ismaël Doukouré,2,1.9958069914153556
Ismaël Koné,3,3.203151527383224
Israel Domínguez,0,-0.01658818689154401
Issa Diop,0,-0.018066786042431948
Issa Doumbia,0,0.040145112299197094
Issa Kaboré,0,0.026257630647927743
Issa Soumaré,9,8.977177319551187
Issiaga Camara,0,-0.003063430571651926
Issiaga Sylla,1,0.9313790935755331
Ivan Ilić,1,0.8673451628475772
Ivan Jaime Pajuelo,0,0.02238409508668393
Ivan Nekić,0,-0.024399237680806096
Ivan Ordets,0,0.053416414799614065
Ivan Provedel,0,0.05530296035818172
Ivan Prtajin,0,-0.0012591007567685497
Ivan Smolčić,0,-0.00929902397425647
Iván Balliu,0,0.05994568584364268
Iván Martín,2,1.7873928092596572
Iván Sánchez,3,3.033082029487409
Iván Villar,0,-0.03997554435567752
Iñaki Peña,0,-0.01034139080970864
Iñaki Williams,14,13.946119505370307
Iñigo Lekue,0,0.03297618676791625
Iñigo Martínez,4,3.6144368526312176
Iñigo Ruiz de Galarreta,4,4.1603925549603815
Jack Clarke,4,3.918127113053099
Jack Grealish,2,2.169802009032651
Jack Harrison,1,1.063882870752931
Jack Hinshelwood,7,6.746684476028561
Jack Stephens,1,0.9498879251246846
Jack Taylor,1,0.8574498061683462
Jackson Irvine,6,6.125211752648841
Jackson Tchatchoua,5,5.0544395773737865
Jacob Bruun Larsen,5,5.055806164249818
Jacob Greaves,1,0.9286498366633069
Jacob Murphy,20,19.99803788041499
Jacob Ondrejka,5,4.61730463666882
Jacob Ramsey,4,3.9168407981800804
Jacobo Ramón,1,1.1292037064498
Jacopo Bacci,0,-0.009873837179615041
Jacopo Fazzini,5,5.202732019684559
Jacopo Seghetti,0,-0.02312921425443648
Jacques Ekomie,0,-0.0334943401401146
Jaden Philogene Bidace,2,2.010046226292663
Jadon Sancho,7,6.944591632594843
Jahmai Simpson-Pusey,0,-0.001613921487302994
Jailson Siqueira,0,-0.10136251656565792
Jaime Mata,0,0.27816633707613503
Jaka Bijol,1,1.0640915845202599
Jake O'Brien,2,2.0551642083488244
Jakov Medić,1,1.0664864945271477
Jakub Kamiński,2,2.2923705457584713
Jakub Kiwior,1,0.8741031099001708
Jakub Moder,0,-0.2138439023273078
Jakub Stolarczyk,0,-0.014077318575909992
Jamal Musiala,14,13.901249545107934
James Abankwah,0,-0.01638899864213661
James Bree,1,1.0730685031663216
James Garner,1,0.9590617538144774
James Hill,1,0.9723784259962645
James Justin,4,4.065835423712656
James Maddison,16,16.10710951962435
James Mcatee,3,2.642077433271686
James Milner,0,-0.00823667479767115
James Rodríguez,0,-0.001576490210777548
James Sands,0,-0.0163309442801568
James Tarkowski,2,2.01728353075802
James Ward-Prowse,3,3.097591995865963
Jamie Gittens,11,10.985126024633221
Jamie Leweling,4,3.8536632205409362
Jamie Vardy,13,13.300723866510017
Jan Bednarek,2,2.0408101663998672
Jan Oblak,0,-0.006747861321210358
Jan Paul van Hecke,2,2.2433250138907153
Jan Salas,0,-0.0005387877612523795
Jan Schöppner,7,7.144079194825597
Jan-Niklas Beste,1,0.9518522491082249
Janik Haberer,0,-0.04997504455805102
Jann-Fiete Arp,2,2.643622163594385
Jannik Vestergaard,0,0.02711974472830636
Jarell Quansah,0,0.018486908553698056
Jarrad Branthwaite,1,0.8456378990655651
Jarrod Bowen,21,21.027086836415045
Jarzinho Malanga,0,-0.007630330666980101
Jason Steele,0,-0.003309741909763353
Jasper Cillessen,0,0.03393827599560495
Javi Galán,3,3.254552814472142
Javi Hernández,3,2.985696867165213
Javi López,0,0.052654845950317275
Javi Martínez,0,-0.011009946759338252
Javi Martón,0,-0.011784000426293906
Javi Puado,16,15.989140949579896
Javi Rodríguez,5,5.105644627129498
Javi Sánchez,2,2.1015361081911124
Javier Guerra,6,6.06667389142844
Javier Llabrés,0,-0.08229159472750258
Javier Manquillo,0,-0.09141983877812596
Javier Muñoz,4,3.9525124251126997
Jay Idzes,1,0.8947088199592856
Jay Robinson,0,0.0018611857698815903
Jay Stansfield,0,-0.014764653394040206
Jaydee Canvot,0,-0.022735898734835114
Jayden Danns,0,-0.009250487989167111
Jayden Meghoma,0,-0.009161106006491004
Jean Butez,0,0.05026058755757834
Jean Mattéo Bahoya,5,5.222869883141545
Jean Onana,0,-0.0018678399435403947
Jean-Charles Castelletto,0,0.11605635332244113
Jean-Clair Todibo,0,-0.010023734707036991
Jean-Daniel Akpa-Akpro,0,-0.04152880369946399
Jean-Eudes Aholou,2,1.9027251799811267
Jean-Kevin Duverne,0,-0.045731166321957506
Jean-Philippe Gbamin,0,0.05907962480468143
Jean-Philippe Mateta,16,16.408231596218883
Jean-Ricner Bellegarde,9,9.05118374534528
Jeanuël Belocian,0,0.02152855497337064
Jeff Ekhator,2,2.0707614977156026
Jefferson Lerma,1,0.8443169081650692
Jeffrey Gouweleeuw,5,4.912816839451015
Jeffrey Schlupp,0,0.009802485729504817
Jens Cajuste,2,1.9262588212701366
Jens Odgaard,7,7.093998410253587
Jens Stage,15,15.006351437193599
Jeong Woo-yeong,5,5.103120625872597
Jeremie Boga,3,3.0411201823709697
Jeremie Frimpong,10,9.876844330244685
Jeremy Agbonifo,1,1.120555307055749
Jeremy Doku,9,9.013796392826418
Jeremy Sarmiento,0,-0.014774978008818107
Jesper Karlsson,2,2.2260220141684606
Jesper Karlström,3,3.077014792151522
Jesper Lindstrøm,1,0.7834337767155843
Jesse Joronen,0,-0.01046583623571451
Jesus Rodríguez,2,2.1373999631558296
Jesus Vazquez,0,-0.132496371275685
Jesús Areso,3,3.335177676367863
Jesús Navas,1,1.0739910663374002
Jesús Owono,0,-0.00458271620341838
Jesús Santiago,0,0.09747302539162395
Jesús Vallejo,1,1.2321144797519212
Jhoanner Chávez,1,1.038359344112835
Jhon Lucumí,1,0.9354750773270673
Jhon Solis,1,0.9613285389957191
Jibril Othman,0,-0.01762039820401662
Jim Allevinah,4,3.944178238827005
Joachim Andersen,0,0.05769598004869375
Joachim Kayi Sanda,0,-0.009073176321739707
Joakim Mæhle,7,6.858294885018324
Joan García,0,-0.05526956631211022
Joan Jordán,7,7.19596802483559
Joaquín Correa,4,3.948881073661459
Joe Aribo,3,2.897784816934722
Joe Gomez,0,-0.08544724017660577
Joe Lumley,0,-0.04481518142253543
Joe Scally,0,0.09990000230383378
Joe Willock,2,2.1030995591334993
Joel Pohjanpalo,6,5.9492588352967655
Joel Ward,0,-0.06990187126464836
Joelinton,7,7.009818233422873
Jofre,6,5.843634461365674
Johan Manzambi,3,2.942850576902211
Johan Mojica,3,2.8689203236310186
Johan Vásquez,3,2.9730783887456393
Johann Lepenant,3,3.1306099476037392
Johannes Eggestein,7,7.109562093004243
John Joe,0,0.026905287052310767
John McGinn,5,4.853216561129287
John Stones,2,1.9062697928198662
John Tolkin,2,1.8377944624105673
John Yeboah,2,1.9705657355206823
Johnny Cardoso,4,3.87393627156958
Jon Aramburu,2,1.9689253766546422
Jon Guridi,4,3.802860382803066
Jon Magunazelaia,0,-0.010269442949399021
Jon Martin,1,0.7923670296595076
Jon Moncayola,0,0.3711791456910898
Jon Pacheco,0,-0.021678959861002656
Jon Rowe,6,6.435349736076327
Jonah Kusi-Asare,0,-0.05836932964281771
Jonas Föhrenbach,1,1.064426639063571
Jonas Hofmann,3,2.8575809970799897
Jonas Martin,1,0.9323055416126418
Jonas Omlin,0,-0.06001356632647842
Jonas Rouhi,0,-0.004607680986082996
Jonas Urbig,0,-0.028279815965982114
Jonas Wind,12,11.825973945413255
Jonathan Bamba,1,1.0768019181661903
Jonathan Burkardt,20,19.982091612751095
Jonathan Clauss,11,11.116042888091885
Jonathan David,21,21.08517111888746
Jonathan Gradit,0,0.08334314576908669
Jonathan Ikone,2,1.8020065916759758
Jonathan Tah,3,3.1017763859471157
Jonny Evans,0,-0.017385144071140723
Jordan Amavi,0,-0.10643709925525338
Jordan Ayew,5,3.9023754040324063
Jordan Ferri,2,1.9323583315556783
Jordan James,1,0.9692715400763634
Jordan Lefort,1,1.2341473947685229
Jordan Lotomba,0,-0.007225199499354407
Jordan Pefok,2,1.854223521710984
Jordan Pickford,1,1.2203856950618652
Jordan Teze,1,0.9005349187086111
Jordan Veretout,2,2.0136226656702942
Jordan Zemura,3,3.1054140149080625
Jordy Makengo,0,0.04446835005540983
Jorge Cuenca,0,-0.0010648302524297049
Jorge Herrando,1,0.9069749320047653
Jorge Sáenz,1,0.9279287121814797
Jorge de Frutos,9,8.962367559522741
Jorginho,0,0.007010006948067415
Joris Chotard,1,0.8999974268695368
Josep Martinez,0,-0.023315653713061657
Joseph Aidoo,0,-0.04643841239379115
Joseph Okumu,1,0.7934996025577563
Josha Vagnoman,2,1.9210859950078176
Joshua Acheampong,0,-0.03307251464516453
Joshua Kimmich,10,9.900845553272122
Joshua King,9,8.690366496410999
Joshua King,0,-0.023164377172965878
Joshua Zirkzee,4,4.071802995462592
Josip Juranović,1,1.0057006637414625
Josip Stanišić,2,2.144391337749016
Josué Casimir,8,7.9395680742661074
José Arnaiz,0,0.04326837426852215
José Campaña,3,3.0106812419915663
José Carlos González,0,-0.00870209405510286
José Gragera,0,-0.0130177246750246
José Luis García Vayá,4,4.248319098534507
José Luis Gayà,1,0.8721413456659515
José Luis Palomino,1,0.8952020453974125
José María Giménez,1,1.0959819995057696
José Sá,0,-0.01848228800994678
Jota,1,0.9754636800974479
Jota Silva,4,4.52351867033865
João Félix,4,4.113470294678768
João Gomes,4,4.305032793822974
João Neves,11,11.086415016635234
João Palhinha,0,-0.055012772073502025
João Pedro,16,15.895324971760482
Joël Schingtienne,0,-0.05434985984834495
Joël Veltman,0,0.10233520539513713
Joško Gvardiol,5,5.166174491876909
Juan Bernat,2,2.004491994461018
Juan Berrocal,0,0.17128571730727193
Juan Cruz,9,8.959279794089712
Juan Cruz Armada,0,0.06322338395611332
Juan Cuadrado,2,2.1817900451827557
Juan David Cabal,0,-0.04194350927020751
Juan Foyth,1,0.9166855425083489
Juan Herzog,0,0.008060969467676815
Juan Jesus,1,0.9328311851514732
Juan Miranda,6,6.127020428470193
Juan Musso,0,-0.03797480659150554
Juan Soriano,0,0.018477491990114725
Juanlu Sánchez,8,8.182266434678974
Juanmi,0,0.05158006210842342
Juanmi Latasa,3,2.957035509021975
Juanpe,0,-0.06297336593829439
Jubal,6,5.983604217541744
Jude Bellingham,17,17.191577480638987
Julen Agirrezabala,0,0.008337924178229539
Jules Koundé,5,4.911986422732987
Julian Araujo,0,0.0674677586561635
Julian Brandt,15,15.108353181557357
Julian Chabot,4,3.99276605381221
Julian Niehues,0,-0.04125543645360635
Julian Ryerson,5,5.113018456724724
Julian Weigl,2,2.089493598584512
Julien Duranville,0,-0.057984543858054405
Julien Le Cardinal,1,0.895881987387585
Julio Enciso,5,4.761814829127228
Julio Soler,0,-0.007957064220138532
Julián Chicco,1,0.9799326791295375
Julián Malatini,2,1.8996986064568024
Julián Álvarez,21,21.02173939242758
Juma Bah,0,0.007901369983780882
Junior Adamu,4,4.069813367447274
Junior Ajayi,0,-0.013105823440998532
Junior Dina Ebimbe,1,0.9862619747911896
Junior Messias,2,1.87419251110921
Junior Mwanga,3,2.842748793817134
Junior Ndiaye,0,-0.04839870824377768
Junior Sambia,0,0.04904014159733683
Junya Ito,7,7.302559585427579
Jurgen Ekkelenkamp,5,5.021838322544227
Jurriën Timber,4,4.030269802443403
Justin Bourgault,1,1.2924818861674867
Justin Devenny,2,1.8924296155951832
Justin Diehl,1,0.8502143375281526
Justin Kluivert,18,18.096765572365406
Justin Njinmah,5,5.119619558777831
Justin Smith,0,-0.014389469932673982
Justin-Noël Kalumba,0,-0.023481129289732006
Jáder Durán,7,6.580936658918603
Jérémy Jacquet,1,0.8197920272483654
Jérémy Le Douaron,0,-0.002611379383953505
Jérémy Sebas,0,0.1738555941641149
Jérôme Roussillon,0,-0.011302851071361364
Jørgen Strand Larsen,18,18.11344508930965
Kacper Koscierski,0,-0.006941348904275613
Kacper Urbanski,1,1.0220544797039213
Kaelan Casey,0,-0.01714322779358668
Kai Havertz,12,11.802973171999282
Kaishu Sano,0,0.1582362719241731
Kalvin Phillips,0,0.0009347651934833445
Kamaldeen Sulemana,2,1.998833821544678
Kamil Grabara,0,0.01164249599601852
Kamory Doumbia,5,5.1098186019653
Kandet Diawara,0,-0.009891903811493852
Kaoru Mitoma,14,14.254631078039655
Karim Adeyemi,13,13.29849178932301
Karim Onisiwo,0,-0.07735571480690351
Karl Etta,1,1.0596232432275194
Karl Jakob Hein,0,-0.02109168806946371
Karl-Johan Johnsson,0,-0.012490097076866213
Karol Fila,0,-0.02011273145688308
Karol Linetty,1,0.9612329963169362
Karol Mets,0,-0.08446031771505941
Kasey McAteer,2,2.0933354997233957
Kassoum Ouattara,1,0.8295485340931523
Kauã Santos,0,-0.03019117261132942
Kazeem Olaigbe,2,1.6952535262984845
Keane Lewis-Potter,4,4.236140441711031
Keinan Davis,3,3.0093817998123353
Keita Baldé,2,1.837617793772036
Keito Nakamura,13,13.022911743019105
Keke Maximilian Topp,4,3.897454517690551
Kelechi Iheanacho,0,0.05311331109154116
Kelvin Amian,1,0.8625716847628613
Kembo Diliwidi,0,-0.008561015330226962
Kenan Yıldız,11,11.209144344183628
Kenedy,0,-0.013096881986959685
Kenny Lala,5,5.722700122484795
Kenny Tete,2,2.020001472297625
Kepa Arrizabalaga,0,-0.008877940454302236
Keven Schlotterbeck,4,3.694128649959984
Kevin Akpoguma,0,0.2795132320728607
Kevin Behrens,1,1.0062301744476223
Kevin Bonifazi,0,-0.00865323539667695
Kevin Danso,0,0.12221384600625906
Kevin De Bruyne,11,10.792544131308647
Kevin Kampl,1,0.9371851714177013
Kevin Martins,1,0.9773261799553234
Kevin Müller,0,0.021110759355157604
Kevin Paredes,1,0.9676934486114395
Kevin Schade,13,12.961934783219393
Kevin Stöger,6,6.47917604848003
Kevin Trapp,0,0.04346669613869669
Kevin Vogt,1,0.9442091840976885
Kevin Volland,0,-0.07949442621988512
Kevin Zeroli,1,0.8780624318058599
Keyliane Abdallah,0,-0.011276802340118186
Khalil Fayad,0,-0.11482783394587825
Khvicha Kvaratskhelia,15,14.967372479436376
Khéphren Thuram,9,9.026014604975595
Ki-Jana Hoever,3,2.9016877332951267
Kialonda,1,0.861262803322693
Kieran Tierney,1,0.9888041164582249
Kieran Trippier,3,2.8029949178432854
Kiernan Dewsbury-Hall,1,0.9196866691177417
Kike Barja,1,0.8916699689142453
Kike Pérez,3,2.937454631232597
Kike Salas,5,4.768516683873877
Kiko Femenía,1,1.0899966506674983
Kiké,13,13.356687848726239
Kilian Fischer,1,1.3108690868677881
Kiliann Sildillia,2,1.9647265304957826
Kim Jisoo,0,-0.009356595046524585
Kim Min-jae,2,2.0612492475825905
Kim Minsu,0,-0.0011989845800423615
Kingsley Coman,9,8.972396447832704
Kingsley Ehizibue,1,1.0573839658434814
Kingstone Mutandwa,0,0.02896541658897328
Kirian Rodríguez,3,3.145435601810338
Kjell-Arik Wätjen,0,-0.006128770586648513
Kjetil Haug,0,-0.03045691062649669
Ko Itakura,3,2.9575963380161765
Kobbie Mainoo,0,-0.044213390524889706
Koji Miyoshi,1,0.7881325697605717
Koka,4,4.018422222636627
Koke,2,2.139834666681849
Konan N'dri,0,0.031106950080007523
Koni De Winter,3,3.027266553492766
Konrad Laimer,4,3.978343731723148
Konstantinos Koulierakis,2,2.0056187935081167
Konstantinos Mavropanos,0,0.0036587920480460334
Kosta Nedeljković,0,-0.04467912184405509
Kostas Tsimikas,1,1.1758292052579025
Krapyvtsov Vladyslav,0,-0.0229351084590505
Kristijan Jakić,1,0.9500021968639962
Kristjan Asllani,4,4.595806146766355
Kristoffer Ajer,0,-0.04125648451179531
Krépin Diatta,0,-0.05173715949758234
Kyle Walker,0,0.20229829129493004
Kyle Walker-Peters,2,2.2616754834144848
Kylian Mbappé,34,33.99006424721189
Kyllian Antonio,0,-0.012134887143682493
Kyogo Furuhashi,0,-0.01194446233747165
Kévin Danois,0,0.1409118116786044
Kévin Pedro,0,-0.013756770673784224
Ladislav Krejčí,2,2.0243510520583574
Lamare Bogarde,0,-0.03534076068596814
Lameck Banda,1,0.9071380213405431
Lamine Camara,9,8.85413359856019
Lamine Fomba,0,-0.07560343696417449
Lamine Yamal,22,22.186067578627558
Lanroy Machine,0,0.015251034576798606
Lars Ritzka,1,0.9717178529629502
Lassana Coulibaly,1,0.9423825076633161
Lasse Rieß,0,-0.027972590940811004
Lasse Rosenboom,4,3.928340755265704
Lassine Sinayoko,13,13.198752051350576
Lasso Coulibaly,1,0.8677968443116137
Lautaro Gianetti,1,0.9506145314252543
Lautaro Martínez,15,14.891700190474522
Lautaro Valenti,1,0.8770454583924874
Lazar Samardzic,3,3.274267163699957
Leandro Antonetti,0,-0.021474846462955055
Leandro Cabrera,6,6.079650343354011
Leandro Chichizola,0,0.009619686028250807
Leandro Paredes,4,4.26102154825368
Leandro Trossard,15,14.986862981665336
Lee Jae-sung,13,13.039768676890272
Lee Kang-in,12,12.081985554672448
Leif Davis,3,2.927765917882881
Lennard Maloney,0,0.05348685898813532
Leny Yoro,0,-0.05051111099517647
Leo Román,0,-0.007093986626345861
Leo Skiri Østigård,1,0.9727599912155585
Leon Bailey,3,3.014653538246105
Leon Goretzka,5,4.926891706524135
Leonardo Balerdi,0,-0.007033395774163509
Leonardo Bittencourt,3,2.9643302444415967
Leonardo Pavoletti,2,2.299280785945341
Leonardo Spinazzola,2,2.1187874029779006
Leonidas Stergiou,3,2.9474261567206934
Leopold Querfeld,4,3.9719466650371227
Leroy Sané,16,15.827835935610496
Lesley Ugochukwu,2,2.060994647577323
Levi Colwill,3,3.135063739797532
Lewis Cook,4,3.760151410410518
Lewis Dunk,0,0.0947631839982011
Lewis Ferguson,2,1.975429013060983
Lewis Hall,4,4.096433222988695
Lewis Holtby,1,0.7870571748634019
Lewis Miley,1,1.0853177048048812
Lewis Orford,0,-0.016844500500892312
Liam Delap,14,13.67581513745399
Liam Henderson,4,4.004488703260606
Liberato Cacace,6,5.896792419247383
Lilian Brassier,2,1.9922352437578383
Lilian Raolisoa,3,3.2282020030503342
Lior Kasa,0,0.0013778574595939563
Lisandro Martínez,3,2.978611151145867
Lloyd Kelly,1,1.0330210294391973
Logan Costa,3,2.6961454164135703
Lois Diony,0,-0.02527996455928183
Lorenz Assignon,7,6.955289286356177
Lorenzo Aguado,0,-0.010125386224101418
Lorenzo Anghelè,0,-0.0168303362353468
Lorenzo Colombo,8,8.068406530509659
Lorenzo De Silvestri,1,0.9726914023479585
Lorenzo Lucca,13,12.757773688143569
Lorenzo Montipò,0,0.014904654537458373
Lorenzo Pellegrini,3,2.851994588527767
Lorenzo Tosto,0,-0.008712221537995779
Lorenzo Venturino,2,1.7608762224058885
Louis Leroux,3,2.9734574096803983
Louis Mouton,1,0.8950655997041796
Loum Tchaouna,1,1.1467316122073419
Lovro Majer,3,2.9702358531298882
Loïc Bade,2,1.9261174569408221
Loïc N'Gatta,0,-0.01099997752913967
Loïc Nego,0,0.30568016366124773
Loïs Openda,14,13.803281391770728
Luc Zogbé,0,-0.03290512505295917
Luca Caldirola,0,-0.02148267602467213
Luca Jaquez,0,-0.005860578531960925
Luca Kerber,2,1.8409875488790872
Luca Marianucci,0,-0.007630301322499644
Luca Mazzitelli,2,2.1089381460637115
Luca Netz,2,2.265865680148151
Luca Pellegrini,4,3.698913327916411
Luca Philipp,0,-0.00298120616859765
Luca Ranieri,4,4.226313037561194
Luca de la Torre,0,-0.0021244929104555776
Lucas Beltrán,9,9.214890153178041
Lucas Beraldo,1,0.8695264595963401
Lucas Bergvall,1,0.8362126267324232
Lucas Chevalier,0,0.12929425444382958
Lucas Da Cunha,5,4.956357651437102
Lucas Digne,4,3.983125024560573
Lucas Gourna-Douath,0,-0.03321422558319598
Lucas Hernández,0,-0.04503462639022915
Lucas Höler,10,9.919267888572664
Lucas Martínez Quarta,1,1.0449950487945838
Lucas Michal,0,-5.501414397562909e-05
Lucas Mincarelli,1,0.8538115024744259
Lucas Ocampos,1,1.1403867741661822
Lucas Oliveira Rosa,1,1.012242929634173
Lucas Paquetá,4,4.720574939772648
Lucas Perri,0,-0.006825902578463272
Lucas Stassin,16,15.83996092988962
Lucas Torró,3,2.863905983838094
Lucas Tousart,1,1.0171704827655121
Lucas Vázquez,6,5.951007903429449
Lucien Agoume,4,4.1814850279622675
Ludovic Ajorque,15,14.822325861568872
Ludovic Blas,14,14.027733894106857
Luis Díaz,18,17.922081951171762
Luis Guilherme,0,0.044055371654918685
Luis Henrique,14,13.851340257125202
Luis Milla,5,5.131291103784408
Luis Pérez,0,0.08786831864447975
Luis Rioja,8,7.890557179222666
Luis Sinisterra,2,2.053393899302648
Luiz Felipe,0,-0.020635186863636856
Luiz Lúcio Reis Júnior,0,-0.007946204477807639
Luka Jović,2,2.1733893052469555
Luka Modrić,8,7.910678934322203
Luka Romero,0,-0.1768715143100092
Luka Sučić,2,1.8802022799182634
Luka Topalović,0,-0.00870209405510286
Lukas Daschner,2,1.7672808493728969
Lukas Klostermann,1,1.1191656271548514
Lukas Kübler,6,6.096271129169134
Lukas Nmecha,3,2.9477040890186794
Lukas Ullrich,3,3.0918467689171996
Luke Shaw,0,-0.024086521433460295
Luke Thomas,0,0.007913989450027192
Luke Woolfenden,0,-0.07038017310842848
Luken Beitia,0,-0.017689251567651665
Lukáš Hrádecký,0,-0.005808551097489123
Lutsharel Geertruida,1,1.0590131579252993
László Bénes,3,2.764132834570696
Léo Pétrot,3,3.1114823137445193
Léo Scienza,6,6.008175956767204
M'Bala Nzola,7,7.325857731697537
Maarten Vandevoordt,0,-0.009636989902136017
Maat Daniel Caprini,0,-0.003394139431999843
Mads Hermansen,0,0.03745667257961316
Mads Pedersen,0,-0.01602414580407946
Mads Roerslev,2,2.099028472472797
Maduka Okoye,0,0.040367154311872544
Maghnes Akliouche,15,15.334479105029281
Magnus Knudsen,1,0.8852513285240726
Magnus Kofod Andersen,2,2.1056026640203043
Mahamadou Diawara,1,0.78112778193548
Mahamadou Nagida,2,1.9022889219039918
Mahdi Camara,8,8.121422177281792
Mahmoud Dahoud,2,1.9919725220593518
Malang Sarr,0,0.06509377517796283
Malcolm Jeng,0,-0.013870964505681538
Malick Fofana,9,9.049157940141438
Malick Thiaw,0,0.10831284296562449
Malo Gusto,1,0.8311571428595843
Mama Samba Baldé,5,4.753889786541896
Mamadou Coulibaly,0,-0.08340633072191292
Mamadou Diakhon,3,2.9198843775683674
Mamadou Sarr,1,0.838082059384172
Mamadou Sylla,6,6.381780460623061
Mandela Keita,2,1.9035568085683696
Manolis Saliakas,3,2.8576368252989908
Manu Bueno,1,1.2442859051518043
Manu Koné,3,2.984098574389469
Manu Morlanes,0,-0.0025779657356522767
Manu Sánchez,1,0.9663644843089729
Manuel Akanji,0,0.021864809523090944
Manuel Fuster,3,3.040226759363889
Manuel Lazzari,1,1.0727721488296265
Manuel Locatelli,4,4.073815238264688
Manuel Neuer,0,0.08826929303051584
Manuel Ugarte Ribeiro,3,3.2405226087171397
Marash Kumbulla,3,3.038700052074186
Marc Bartra,3,3.0387559203346663
Marc Bernal,0,-0.011273496881789802
Marc Cardona,0,0.02205912182406755
Marc Casado,4,3.971826783028886
Marc Cucurella,6,5.780781866335943
Marc Domenech,0,-0.009797068980233137
Marc Guiu,0,0.002369639331303297
Marc Guéhi,5,5.103841136501398
Marc Roca,4,4.0205305002247265
Marc-André ter Stegen,0,-0.010935662233101717
Marc-Oliver Kempf,0,-0.0002123093636728357
Marcel Sabitzer,1,1.0168543865972657
Marcin Bułka,0,0.040025108800662845
Marco Asensio,10,9.838532994368583
Marco Bizot,0,0.01783447079672812
Marco Brescianini,6,5.994464302755947
Marco Carnesecchi,0,0.00013882413392984905
Marco Friedl,0,0.05368102790319346
Marco Grüll,7,6.961923189131271
Marco Komenda,0,0.06717508080269069
Marco Palestra,0,-0.027524535213154233
Marco Sala,0,-0.06435000184519057
Marco Silvestri,0,-0.026879143222231283
Marco Sportiello,0,-0.01457946124094367
Marcos Alonso,3,4.638127534254689
Marcos André,3,2.861218639125632
Marcos Llorente,6,6.082916655141856
Marcos Senesi,0,-0.011451924502618727
Marcus Coco,1,0.8945872097023255
Marcus Harness,0,-0.010187677827192876
Marcus Pedersen,0,-0.1639117597600436
Marcus Rashford,9,8.93450113219699
Marcus Tavernier,8,7.995339154497142
Marcus Thuram,18,17.890552853802447
Marcão,0,0.09320481584716028
Marin Ljubicic,2,2.0196693079652603
Marin Pongračić,0,-0.01057923097525848
Marin Šverko,1,0.8591846725351711
Mario Balotelli,0,-0.05985655154445635
Mario Gila,1,0.9436583612511997
Mario Götze,5,4.951977630156664
Mario Hermoso,0,-0.055609055697768084
Mario Lemina,4,4.128697843487711
Mario Maroto,1,1.133526901558739
Mario Martín,1,1.1567025063651166
Mario Pašalić,7,7.018216105607584
Marius Bülter,9,8.96872170248892
Marius Courcoul,0,-0.04702829976656675
Marius Müller,0,-0.02441005794615403
Marius Wolf,4,4.05385958793406
Mark Flekken,2,2.008242755186745
Mark McKenzie,2,2.1924310223330683
Mark Travers,0,-0.021811506473416564
Marko Arnautović,6,5.871593182460323
Marko Dmitrović,0,0.007752276182016127
Marko Ivezić,0,0.09141757778463638
Marnon Busch,1,0.9362457267317446
Maroan Sannadi,2,2.038399976091557
Marquinhos,2,1.9470775351048433
Marshall Munetsi,9,9.16072227790207
Marten de Roon,8,7.86428579756898
Martial Godo,0,0.008507559368877815
Martin Adeline,0,-0.021037949203374873
Martin Dúbravka,0,-0.015381284172134857
Martin Erlic,0,-0.024346380927307787
Martin Frese,0,-0.004615634115174461
Martin Satriano,0,0.05280314309230727
Martin Terrier,3,2.9550839158573736
Martin Valjent,3,2.9917519168074658
Martin Ødegaard,11,11.018919831990974
Martín Payero,2,2.0809525018236847
Martín Tejón,0,-0.022950776230375225
Martín Zubimendi,3,3.072217024045994
Marvin,0,-0.035301896443284575
Marvin Ducksch,16,16.15505660593521
Marvin Friedrich,1,1.021023838336274
Marvin Pieringer,11,10.937300909983879
Marvin Schulz,0,-0.039983889410065254
Marvin Senaya,0,0.004253478542092903
Marwann Nzuzi,0,-0.03074930760994965
Mason Greenwood,26,25.972183285345285
Mason Holgate,0,-0.0044622165857508556
Mason Mount,1,1.1548841190290677
Massadio Haïdara,0,0.4470069553820739
Massimo Luongo,0,-0.00046609298386307563
Matej Kovar,0,-0.01075533084936281
Mateo Flores,0,0.008071978006498337
Mateo Kovačić,8,7.712222259317796
Mateo Mejía,0,-0.01570130439772449
Mateo Pellegrino,4,4.084499830124466
Mateo Retegui,33,32.935381435388855
Mateu Morey,0,-0.009882929306882116
Mateus Fernandes,6,6.195749888782837
Mateusz Kowalski,0,-0.03469693880339292
Mateusz Wieteska,0,-0.07017253955470115
Matheus Cunha,21,20.876515442463887
Matheus França,1,0.8901460087869377
Matheus Nunes,7,6.956514422000067
Mathew Ryan,0,0.02134139577885119
Mathias Honsak,6,5.92394793975517
Mathias Jensen,2,1.9850302750707396
Mathias Løvik,0,-0.01648452773265663
Mathias Pereira Lage,9,9.040729309538081
Mathieu Cafaro,1,0.8555635452221546
Mathieu Gorgelin,0,-0.03342105364253134
Mathis Amougou,0,-0.02315078997627834
Mathis Lambourde,1,1.079463677462618
Mathys Tel,4,4.2853775838422745
Mathéo Bodmer,0,-0.017643349325228708
Mathías Olivera,2,1.889304183603199
Matias Fernandez-Pardo,6,6.373231631987686
Matias Moreno,0,-0.010186491422745858
Matija Nastasić,1,1.0529827186492382
Mats Hummels,0,0.004778599051161736
Mats Pannewig,0,0.018873657856083914
Mats Wieffer,4,4.120823297214773
Matt Doherty,3,2.975677160107708
Matt O'Riley,4,4.208609004404115
Matt Targett,0,-0.0064940277169687755
Matteo Cancellieri,3,3.133697337933743
Matteo Darmian,5,4.831328713111221
Matteo Gabbia,2,2.016549046256002
Matteo Palma,0,-0.011298701810581901
Matteo Pessina,0,-0.038634980268696995
Matteo Politano,7,7.432033629470533
Matteo Prati,0,0.029402234073632127
Matteo Ruggeri,3,2.86878296193297
Matthias Braunöder,0,0.08649193142964906
Matthias Ginter,3,3.0376579221121522
Matthijs de Ligt,2,2.074662085884274
Matthis Abline,11,11.02233103578036
Mattia Bani,0,0.005526286006295178
Mattia De Sciglio,1,1.13037404041651
Mattia Felici,3,3.224634359766264
Mattia Liberali,0,-0.012403333637951985
Mattia Perin,0,-0.03127153245788217
Mattia Valoti,0,-0.027709007581947498
Mattia Viti,1,0.9431383511952198
Mattia Zaccagni,14,14.33108297668234
Mattias Svanberg,4,4.082110350096645
Matty Cash,2,2.0891887301424403
Mattéo Guendouzi,4,3.876991272288517
Matvei Safonov,0,-0.02776437800457421
Matz Sels,0,0.12151696008716412
Matìas Soulé,10,9.92005725350339
Matías Vecino,5,4.946184439311926
Matúš Bero,7,7.09521280826009
Maurides,0,-0.031272700774070405
Mauro Arambarri,10,9.806396182920317
Max Aarons,0,-0.0036589863538234457
Max Geschwill,3,3.004151717950346
Max Kilman,1,1.1018139522670363
Max Rosenfelder,1,0.8419968388889192
Maxence Caqueret,5,4.8910401159828805
Maxence Lacroix,2,1.9900272288406988
Maxim Leitsch,1,1.0031343375674555
Maxime Bernauer,0,0.10853717101857707
Maximilian Arnold,8,7.866783072381164
Maximilian Bauer,0,-0.024271605032055332
Maximilian Beier,13,13.012659741554083
Maximilian Breunig,2,1.6253649458989474
Maximilian Eggestein,2,1.9992110513496493
Maximilian Mittelstädt,8,8.128637303721785
Maximilian Philipp,0,-0.007528077609533279
Maximilian Wittek,0,0.7262740504297069
Maximiliano Caufriez,0,-0.013582501712680162
Maxwel Cornet,3,2.630115817658306
Medon Berisha,1,0.8531930000832477
Mehdi Taremi,3,3.026844540433644
Melvin Bard,3,3.123353609362139
Melvin Zinga,0,-0.028915232363101062
Mergim Berisha,2,1.7310074782434541
Merlin Röhl,1,0.8848458359656108
Mert Kömür,3,3.017677261479574
Meschak Elia,1,0.8241288856037234
Michael Amir Murillo,4,3.97373626469598
Michael Folorunsho,0,-0.0041097995884751826
Michael Golding,0,-0.008712221537995779
Michael Gregoritsch,3,2.7965479573234955
Michael Kayode,1,0.8535617083313582
Michael Keane,3,3.2043033818116538
Michael Olise,27,27.043847250237967
Michael Svoboda,1,0.8850192712079987
Michael Zetterer,0,-0.015266089690360696
Michail Antonio,2,2.0273590028908073
Michel Aebischer,0,0.00440974242630654
Michel Ndary Adopo,2,1.9780743799600917
Michele Di Gregorio,0,0.05304803743922998
Michy Batshuayi,3,2.5354873287898325
Mickael Nade,3,2.8038387756415055
Micky van de Ven,2,1.926215553548571
Miguel,4,4.419446762769658
Miguel Almirón,0,-0.027365937005780494
Miguel Gutiérrez,6,5.803470945864182
Miha Zajc,0,-0.04147829602842046
Mihailo Ristić,1,0.998949663404805
Mika Biereth,15,15.135281946424177
Mika Mármol,1,0.9988112465065797
Mikael Ellertsson,4,3.9583145055914852
Mikayil Ngor Faye,0,0.01015948905179509
Mike Maignan,0,0.0039196221339317106
Mikel Jauregizar,3,3.223997668387763
Mikel Merino,9,8.995266344188115
Mikel Oyarzabal,12,12.116162819795559
Mikel Vesga,0,-0.027795095365286127
Mikey Moore,1,0.8848219187105169
Mikkel Damsgaard,12,12.194283536814792
Mikkel Kaufmann,0,-0.00969082569682228
Milan Badelj,1,1.0513536465235986
Milan Đurić,6,6.215010288343953
Milan Škriniar,0,-0.06506153579589807
Mile Svilar,0,-0.01784160130008894
Milos Kerkez,7,7.105589907050014
Milos Lukovic,0,-0.005421113254566345
Miloš Veljković,1,0.8923158530161952
Mirko Marić,0,0.045292466935243136
Mitchel Bakker,5,5.093541248502943
Mitchell Weiser,14,14.140531462226864
Modibo Sagnan,2,2.0499868926587004
Mohamed Abdelmoneim,0,-0.09897618880728301
Mohamed Ali Cho,7,7.024723587177975
Mohamed Amoura,19,19.20463915540618
Mohamed Bamba,0,-0.011502005027793305
Mohamed Daramy,0,-0.0711306459622465
Mohamed Haj,3,2.8653079468217064
Mohamed Kaba,0,0.04410128726457346
Mohamed Lamine Bayo,3,2.699262011508822
Mohamed Meité,2,2.349775938606235
Mohamed Salah,47,46.904490821262584
Mohamed Simakan,0,-0.007448905122824756
Mohammed Kudus,8,7.756714374506281
Mohammed Salisu,1,0.9398806552036227
Moi Gómez,0,0.14585465400062714
Moise Kean,22,21.855188468539783
Moisés Caicedo,3,3.203670993458218
Morato,0,0.06284845940904821
Morgan Gibbs-White,15,15.130510079881372
Morgan Guilavogui,8,7.818313261751861
Morgan Rogers,18,17.90212678287238
Morgan Sanson,3,2.481090498961946
Moritz Broschinski,4,3.968065375841904
Moritz Jenz,0,0.05238587743009915
Moritz Nicolas,0,0.03254054551083152
Moritz-Broni Kwarteng,0,-0.07137454318093256
Morten Frendrup,2,1.9936219012466365
Morten Thorsby,1,0.9816204918315028
Mory Gbane,1,0.8925295948720826
Moses Simon,18,18.208185790663876
Mostafa Mohamed,5,5.084174237344914
Mouctar Diakhaby,2,2.114883261320709
Moussa Diarra,0,0.09982385318846959
Moussa Niakhate,0,0.17441823624543373
Moïse Bombito,0,0.08202696300808965
Munir El Haddadi,4,4.040695698307912
Murillo,2,2.0619090651529595
Musa Al-Taamari,4,4.067253018687337
Mykhailo Mudryk,0,-0.016715048912180674
Myles Lewis-Skelly,1,1.0348408679548422
Myron Boadu,10,9.876772239489311
Máximo Perrone,3,3.023551334931463
Mërgim Vojvoda,3,3.0687152933718527
Naatan Skyttä,0,-0.01563225123501838
Nabil Aberdin,0,-0.0010814800837630756
Nabil Bentaleb,1,1.0259578225153034
Nabil Fekir,1,0.9613897249353531
Nacho Vidal,0,-0.022770335383123896
Naci Ünüvar,0,-0.07673674579482531
Nadiem Amiri,12,12.264508712305341
Nadir Zortea,8,8.150697271267125
Nahuel Estévez,0,0.029443797924550152
Nahuel Molina,3,3.0380624815377053
Nahuel Tenaglia,3,2.9124184258670573
Nampalys Mendy,1,0.9601413566530201
Naouirou Ahamada,0,-0.017269333401663145
Nasser Djiga,0,0.00754079957205106
Natan,2,1.880004149931489
Nathan Aké,0,-0.05128779021045593
Nathan Broadhead,2,1.950552502022847
Nathan Butler-Oyedeji,0,-0.09698470870163181
Nathan Collins,5,5.1780695577433296
Nathan N'Goumou,3,2.808431563834056
Nathan Patterson,1,0.9400947360429279
Nathan Tella,6,5.930395122609889
Nathan Wood-Gordon,0,-0.00047206872572591596
Nathan Zeze,0,0.11434853910404896
Nathaniel Brown,9,9.008707112874689
Nathaniel Clyne,0,-0.018412057067953458
Nayef Aguerd,0,0.0029203042858212402
Neal Maupay,8,7.717459394652391
Neco Williams,4,4.057918069468258
Nediljko Labrović,0,-0.001254293273570406
Nehuén Pérez,0,-0.026707943532396916
Neil El Aynaoui,9,8.92221264669717
Nelson Weiper,5,5.28569326252315
Nemanja Gudelj,2,1.8966441565566843
Nemanja Matić,1,0.8625414397138154
Neto,0,0.0016406143381977323
Ngal'Ayel Mukau,1,0.8715536474710215
Nhoa Sangui,2,2.199119800614914
Niama Sissoko,0,0.021912843392028147
Niccolò Pisilli,3,3.2470182314292413
Nicholas Pierini,0,-0.08983010732365271
Nick Pope,0,-0.006165897640087903
Nick Woltemade,14,13.917538783674292
Niclas Füllkrug,5,4.839071162849269
Nico Elvedi,2,1.9855768511813223
Nico O’Reilly,2,1.9840552646442249
Nico Schlotterbeck,4,4.203533145124739
Nico Williams,10,10.003978111389149
Nicola Leali,0,-0.022832659761482077
Nicola Pintus,0,-0.01720125193091354
Nicola Sansone,0,-0.037198975140791124
Nicola Zalewski,2,2.152574911757218
Nicolai Remberg,1,0.7913288644946832
Nicolas Cozza,1,0.7606314623145622
Nicolas Haas,0,-0.025766290812582138
Nicolas Höfler,0,-0.009622962876464802
Nicolas Jackson,15,14.73818730069345
Nicolas Pallois,2,2.173777470541094
Nicolas Pays,0,0.09056076224655807
Nicolas Pépé,9,8.989733847424883
Nicolas Seiwald,0,0.3080927764532312
Nicolas Viola,4,4.001510046448496
Nicolás Domínguez,1,0.7718565726113968
Nicolás González,5,4.924256364497538
Nicolás González,1,0.9402345053252297
Nicolás Paz,14,13.850390734152143
Nicolás Serrano,0,-0.0023307961722046633
Nicolás Tagliafico,4,3.886771282737605
Nicolás Valentini,0,0.06943348777788666
Nicolò Barella,9,9.012307581192555
Nicolò Cambiaghi,4,4.1097380176599
Nicolò Casale,1,0.9259566775197365
Nicolò Fagioli,3,3.227467273042531
Nicolò Rovella,3,3.1605031958308163
Nicolò Savona,3,3.047018557168513
Nicolò Zaniolo,4,3.9949300184812944
Niels Nkounkou,0,0.057481743667866625
Niklas Dorsch,4,3.913288259492789
Niklas Schmidt,1,1.0007545555711077
Niklas Stark,1,0.9856862711620569
Niklas Süle,0,-0.05802189886788239
Nikola Krstović,16,16.29866852503674
Nikola Maksimović,0,-0.07366265176025055
Nikola Milenković,7,7.248137641906883
Nikola Moro,2,1.8995968132224
Nikola Vasilj,0,0.04426254098424909
Nikola Vlašić,9,8.770247621770777
Nikolas Nartey,0,-0.01130570579458856
Nikolas Veratschnig,0,0.02117165159926726
Nnamdi Collins,2,2.1551794886219464
Noah Atubolu,0,-0.06285737243649836
Noah Edjouma,2,1.4963313818360382
Noah Okafor,1,0.6138814644358028
Noah Pesch,0,-0.01637446127432063
Noah Weißhaupt,1,0.6984938064171764
Noahkai Banks,0,0.004923265271675914
Nobel Mendy,0,-0.0017154306702348854
Noham Kamara,0,-0.019103574316101435
Noni Madueke,10,10.188613857215397
Nordi Mukiele,1,0.9128772923708834
Nordine Kandil,0,-0.017629479926513814
Norman Theuerkauf,0,0.10098911824134393
Noussair Mazraoui,1,0.9272672750106343
Nuno Mendes,4,3.9491582808581174
Nuno Tavares,8,7.565288565749249
Nunzio Lella,0,-0.010679763949733023
Nélson Semedo,4,4.2999921215294865
Obite N'Dicka,1,1.0074840127507796
Odilon Kossounou,0,-0.031120365303857145
Odsonne Édouard,0,-0.006170593832498961
Oier Zarraga,1,1.03002728083084
Oihan Sancet,16,15.762115490737811
Ola Aina,3,2.9937378800628145
Ola Solbakken,0,-0.045214024098861216
Oladapo Afolayan,4,3.8224189996852505
Olasagasti,2,2.092724924047131
Oleksandr Zinchenko,1,0.9760091777602307
Oliver Abildgaard,0,-0.008609794745825183
Oliver Baumann,0,0.015282568175538025
Oliver Burke,5,5.102940959046958
Oliver McBurnie,9,9.277372388834861
Oliver Nielsen,0,-0.010270580980009048
Oliver Scarles,0,-0.04853090001120425
Oliver Skipp,0,0.039230887458861385
Olivier Deman,0,0.009029170438070888
Ollie Watkins,24,24.158666323280045
Omar Alderete,1,0.9279710409928956
Omar El Hilali,2,2.145376219447307
Omar Marmoush,31,30.607557826238395
Omar Mascarell,1,0.8941215196663417
Omar Traoré,1,1.4602590180764408
Omari Forson,0,-0.029215819594462733
Omari Hutchinson,5,5.073545336304285
Ondrej Duda,4,3.635231819513263
Orel Mangala,1,0.8470567970770728
Oriol Romeu,0,0.056133141901109074
Orri Steinn Óskarsson,3,3.4037810686927195
Osame Sahraoui,6,6.059851899871417
Oscar Bobb,0,0.004784462144417301
Oscar Højlund,1,0.8702729781867755
Othmane Maamma,2,1.8808858692779014
Oumar Diakité,5,4.934461318482985
Oumar Solet,3,2.801422225851496
Ousmane Camara,0,-0.025932334763810183
Ousmane Dembélé,27,27.06697931012401
Ousmane Toure,0,-0.01583999967777594
Oussama El Azzouzi,0,-0.01100891113593272
Oussama Targhalline,0,0.046082743058423414
Pablo Barrios,5,5.216159585889255
Pablo Durán,8,8.092571098304768
Pablo Fornals,2,2.0128545266769775
Pablo Garcia,0,-0.010036644421122343
Pablo Ibáñez,2,2.0167847830988976
Pablo Maffeo,2,2.044814242057301
Pablo Marí,0,0.06784549963907754
Pablo Marín,3,3.054662072336259
Pablo Rosario,4,3.9813384203154185
Pablo Sarabia,5,5.034221705097972
Pablo Torre,4,3.589854092049648
Papa Ba,0,-0.02746581833910905
Pape Gueye,4,4.631437406247503
Pape Matar Sarr,5,4.965313116951691
Pascal Groß,9,8.956435033401776
Pascal Stenzel,0,-0.012569340911224358
Pasquale Mazzocchi,0,0.029319140062889493
Pathé Ciss,5,5.065536295408599
Patric,1,1.0452166563365042
Patrick Ciurria,2,2.0334457845972747
Patrick Cutrone,11,10.85541619223305
Patrick Dorgu,4,4.369214603053889
Patrick Drewes,0,-0.0014122666297423647
Patrick Erras,1,1.0335438124830234
Patrick Mainka,2,2.024246268184048
Patrick Osterhage,1,0.886072364779575
Patrick Wimmer,7,6.844037522124202
Patrik Carlgren,0,-0.023771133365540098
Patrik Schick,21,20.788981508876844
Patrizio Masini,1,0.9333237791902702
Patson Daka,1,1.0310534532754114
Pau Cabanes,1,0.9843550437227275
Pau Cubarsí,3,3.0293603208526405
Pau López,0,-0.023654905762760026
Pau Navarro,0,-0.027194999554109645
Pau Torres,0,0.07235746669219356
Pau Victor,3,3.047695296542552
Paul Akouokou,0,-0.013934530085975172
Paul Hennrich,0,-0.020199507071090694
Paul Joly,1,0.9273437410531273
Paul Nebel,14,14.209220936047725
Paul Onuachu,5,5.064494978888515
Paul Wanner,5,4.856995926797534
Paulo Azzi,0,0.11140038809180486
Paulo Dybala,9,9.378754172132625
Paulo Gazzaniga,0,0.07201961784303551
Pavel Kadeřábek,2,1.9803550526496179
Paweł Dawidowicz,0,0.21849700853138165
Pedri,9,8.88457609862006
Pedro,11,11.00403901938704
Pedro Chirivella,2,2.0171635627628866
Pedro Díaz,3,3.1688227871402197
Pedro Lima,0,-0.0067716455164517075
Pedro Neto,10,9.960733855896349
Pedro Pereira,4,4.2550477169528875
Pedro Porro,8,7.986213129275749
Peio Canales,0,-0.0024223912011925863
Pejiño,0,-0.031598893386446225
Pelayo Fernandez,0,-0.01775061552233792
Pep Chavarría,1,0.9490606128762042
Pepe Reina,0,-0.0014669312418810199
Peque,2,1.9242686310244865
Pere Milla,3,2.764156756783688
Pervis Estupiñán,2,1.9722224418014824
Petar Stojanović,0,-0.008154020655055993
Peter González,0,0.061807902551978544
Phil Foden,9,8.803592387807951
Phil Harres,9,8.90006370779633
Philip Billing,1,1.167487819604946
Philipp Hofmann,6,5.900675321522362
Philipp Köhn,0,0.025384900054634285
Philipp Lienhart,1,0.8511163456091697
Philipp Sander,1,0.7741731542776114
Philipp Treu,2,1.9156897351096442
Phillip Tietz,9,9.169857793401828
Phillipp Mwene,5,5.147205760803796
Pica,0,0.011417242614891299
Pierluigi Gollini,0,-0.05364159695173515
Piero Hincapié,4,4.045777345802772
Pierre Cornud,0,-0.021483399507009393
Pierre Ekwah Elimby,1,1.0398061800179803
Pierre Højbjerg,6,5.900930609410482
Pierre Kalulu,1,0.7922603499786813
Pierre Lees-Melou,4,3.945602476048792
Pierrick Capelle,0,0.1415581838695279
Pietro Comuzzo,1,0.9118342945147113
Pietro Pellegri,3,2.8704763757870286
Pietro Terracciano,0,-0.012490097076866213
Piotr Zieliński,4,3.932930122986169
Pol Lirola,3,2.738285047585636
Pol Lozano,1,0.8173930340925648
Pontus Almqvist,2,1.9962532882751542
Portu,3,2.8590168870515877
Presnel Kimpembe,0,-0.007716229249742523
Prosper Peter,0,-0.015244532698040714
Przemysław Frankowski,6,6.1319318851414994
Péter Gulácsi,0,0.037512303943081915
Quentin Merlin,4,3.949474701977215
Rabby Nzingoula,1,1.0834411732607139
Radosław Majecki,0,-0.01025361963661331
Radu Drăgușin,0,-0.012655728856832804
Rafa Marín,0,-0.005211910806696141
Rafa Mir,3,2.9499811569287053
Rafael Bauza,0,-0.022572218278291645
Rafael Leão,16,15.846561168948133
Rafael Tolói,0,-0.03791413300197721
Rafik Messali,1,0.8520118510836912
Raheem Sterling,2,2.3192760843030946
Ramon Hendriks,1,1.0097706860389353
Ramy Bensebaini,7,7.034552015117569
Ramón Martínez,1,1.1532493263688823
Ramón Sosa,1,1.0532994045361663
Ramón Terrats,5,4.916074747553795
Randal Kolo Muani,12,11.455094446114996
Randy Nteka,3,3.0551136295126926
Rani Khedira,2,1.8739068433195456
Raoul Bellanova,9,9.020704014405622
Raphaël Guerreiro,8,8.021722705789164
Raphinha,27,26.65525358408238
Rareş Ilie,0,0.17909797537824745
Rareș-Cătălin Burnete,0,-0.0010328338232860612
Rasmus Højlund,4,3.9329544765439794
Rasmus Kristensen,8,7.9395749456836455
Rasmus Nicolaisen,1,0.9288280655370094
Rassoul Ndiaye,1,0.8365648808171238
Rayan Aït-Nouri,11,11.061109835579474
Rayan Cherki,19,19.08813294299833
Rayan Fofana,0,-0.005964862560727424
Rayan Raveloson,1,0.9714031678443233
Razvan Sava,0,-0.027771408617900672
Raúl,4,4.311832670560472
Raúl Albiol,0,-0.05918694005255737
Raúl Asencio,1,0.9065830211837109
Raúl Chasco,0,-0.020941886404789445
Raúl Jiménez,15,15.26266879272674
Raúl Moro,9,8.830128918409985
Raúl de Tomás,0,-0.017651958395658196
Reda Belahyane,2,1.920508095157213
Reda Khadra,0,-0.012166346800865702
Reece James,2,1.901972044543033
Reinildo Mandava,0,-0.016052213523157333
Reiss Nelson,2,1.8656862112098822
Remi Oudin,0,-0.04926770183064
Remo Freuler,3,2.966061408388127
Remy Rees-Dottin,0,-0.008712221537995779
Renato Tapia,1,0.982534597962015
Renato Veiga,1,0.7571387143358617
Ricardo Pereira,0,-0.06699479263180746
Ricardo Rodríguez,1,0.8265361879150477
Riccardo Calafiori,3,3.0089111028744338
Riccardo Orsolini,19,19.255407574437125
Riccardo Sottil,2,1.9574832434945995
Richarlison,5,4.745058489828729
Richie Sagrado,0,-0.015162517490928229
Rico Henry,0,0.0010529565877810398
Rico Lewis,3,2.7874276575989536
Ridgeciano Haps,2,1.8629921336793056
Ridle Baku,8,8.037019243628537
Ritsu Doan,17,17.242062280014483
Robert Andrich,4,4.108498627270505
Robert Gumny,0,-0.03353655215506823
Robert Lewandowski,29,29.38048225774139
Robert Skov,4,4.016315779815475
Robert Sánchez,0,-0.0012691521832187136
Robert Wagner,0,0.05422552831768701
Roberto Férnandez,6,5.894107556997058
Roberto Gagliardini,0,-0.05128548889341766
Roberto López,1,0.8916469164205711
Roberto Navarro,1,0.6814332975719606
Roberto Piccoli,11,11.174086162450266
Robin Gosens,10,9.76289036803416
Robin Hack,11,11.033618280730488
Robin Hranáč,0,-0.016929218118521883
Robin Koch,3,3.096160949543003
Robin Le Normand,1,0.8564545230825282
Robin Olsen,0,-0.02081507099049862
Robin Zentner,0,-0.0019827451289246567
Robinio Vaz,0,0.029893026339577744
Rocco Reitz,3,3.10595351616892
Rodri,0,-0.07749304263474271
Rodri,0,-0.03472970767271988
Rodrigo Abajas,0,-0.03432550983538585
Rodrigo Bentancur,2,1.9370000184453406
Rodrigo De Paul,8,8.10984389982953
Rodrigo Gomes,2,2.1210113004462183
Rodrigo Muniz,9,9.072411670686224
Rodrigo Riquelme,1,1.0006910179074355
Rodrygo,11,10.982917662005354
Roger Hinojo,0,-0.019229733011711436
Roland Sallai,0,-0.04930402653556354
Rolando Mandragora,7,7.061415974058333
Romain Del Castillo,10,10.030238000252911
Romain Esse,2,2.258485764527089
Romain Faivre,5,5.120105526705039
Romain Perraud,4,4.023404113412081
Roman Dixon,0,-0.022613444645704084
Romano Schmid,9,9.116007898731906
Romelu Lukaku,24,24.44015744790847
Roméo Lavia,1,0.9279886395558234
Ronald Araújo,2,2.0466796328759838
Ronnie Edwards,0,-0.015717893901012803
Ross Barkley,4,3.874160307091286
Ross Stewart,1,0.978667293476644
Ruben Aguilar,3,3.0312409390467803
Ruben Loftus-Cheek,0,0.15310459167324686
Ruben Vargas,3,2.847899203638334
Rubén García,10,10.212928490718586
Rubén Peña,0,0.10089875727979947
Rudy Matondo,0,0.0001859939755542439
Rui Modesto,1,0.9596230982686809
Rui Patrício,0,0.0013758965401535206
Rui Silva,0,0.008317464642099703
Ruslan Malinovskyi,2,1.9719176766950741
Ryan Christie,5,4.912095652810235
Ryan Fraser,0,-0.0698339824050932
Ryan Gravenberch,4,4.198639971678961
Ryan Manning,1,1.144503060527902
Ryan Sessegnon,6,5.671709243692195
Ryan Trevitt,0,-0.01446332656591881
Ryan Yates,3,3.094111043808311
Rémy Cabella,3,2.9895466725372195
Rémy Descamps,0,-0.021873605865907197
Rémy Labeau Lascary,3,3.089928383551995
Rúben Dias,0,0.04404765039870984
Răzvan Marin,5,5.752201773798335
Saad El Haddad,0,0.0004968664223324315
Saba Goglichidze,1,1.3515427885605795
Saba Sazonov,0,-0.014745353679979034
Sacha Boey,2,2.1040155496491444
Sael Kumbedi,0,-0.043227140094545036
Saidou Sow,2,1.9261449250093317
Salih Özcan,0,0.1846143837976123
Sam Beukema,1,1.2294456845781543
Sam Johnstone,0,-0.01849478832427731
Sam Morsy,2,1.949111639045828
Sammie Szmodics,4,4.083655391677901
Samu Costa,2,2.1106445074016125
Samuel Amo-Ameyaw,2,1.5693061082462763
Samuel Bamba,0,0.02718850216784674
Samuel Chukwueze,5,5.0082275821041
Samuel Dahl,0,-0.006893614869441567
Samuel Edozie,0,-0.025531164528501626
Samuel Essende,9,9.944359013953678
Samuel Gigot,2,1.9359102255523117
Samuel Grandsir,0,-0.04445674689631718
Samuel Iling-Junior,1,1.1147152489718553
Samuel Lino,7,7.0937124540109675
Samuel Mbangula,6,5.978279822965353
Samuele Birindelli,3,2.803954311891458
Samuele Ricci,2,2.0811006581919513
Samuele Vignato,0,0.07452836111308592
Sander Berge,0,0.12537855695607347
Sandi Lovrić,5,4.958284475831361
Sandro Ramírez,12,12.177825576960362
Sandro Tonali,6,6.22995906759121
Santi Comesaña,6,5.997622976182271
Santiago Bueno,0,0.07138295857094246
Santiago Castro,12,11.883897746223408
Santiago Giménez,7,6.459789104836627
Santiago Mouriño,1,0.9755647993026728
Santiago Pierotti,6,6.091673599237337
Saud Abdulhamid,1,1.1058381544142029
Saïd Benrahma,4,3.8196074217316665
Saïmon Bouabré,0,-0.013594632422774144
Saúl Coco,2,1.9779049865997305
Saúl Ñíguez,7,6.825130357518853
Saša Lukić,2,2.1711246677413243
Scott Banks,0,0.05141801588751205
Scott McKenna,0,0.01655314827848453
Scott McTominay,16,15.39969711763331
Sead Kolašinac,2,1.7937051255774654
Sean Longstaff,0,0.00131666244400086
Sebastiaan Bornauw,3,2.9268907935495156
Sebastian Nanasi,10,9.843134701126033
Sebastian Otoa,0,0.10662000222924939
Sebastian Walukiewicz,0,0.10955884753398504
Sebastiano Esposito,8,8.089480501118253
Sebastiano Luperto,4,4.166609092784437
Seko Fofana,2,2.072563283370775
Sekou Mara,2,1.9554677148593265
Selim Amallah,4,3.93184972720281
Semuel Pizzignacco,0,-0.011211981777845992
Senne Lynen,1,0.8189331402849602
Senny Mayulu,4,4.1700113179989895
Sepp van den Berg,0,-0.023482451255318115
Serge Gnabry,12,11.919073167325754
Sergi,2,1.8961652223120828
Sergi Altimira,1,0.8083151208561792
Sergi Canós,1,1.110830236985327
Sergi Cardona,8,8.03350521164046
Sergi Darder,8,8.295273212318754
Sergi Dominguez,0,0.007943836778644742
Sergi Guardiola,0,0.1378345473025691
Sergi Gómez,0,-0.03855429162647728
Sergi Roberto,1,0.9577060425954296
Sergio Akieme,5,4.95016754740549
Sergio Arribas,0,-0.022398893537220077
Sergio Camello,5,5.121557994520769
Sergio Carreira,4,4.127659795227672
Sergio Gómez,7,7.248199976302628
Sergio Herrera,0,0.15402421805343158
Sergio Reguilón,0,-0.03877896200434061
Sergio Viera,0,-0.026792724432045834
Sergiu Perciun,0,-0.005118201574304038
Serhou Guirassy,25,25.04848359679857
Seydouba Cissé,4,4.080442251495773
Shavy Babicka,6,6.017749029022973
Sheraldo Becker,3,3.094315629976605
Shiō Fukuda,1,1.2029047137893407
Shumaira Mheuka,0,2.415946401476691
Shuto Machino,13,12.995502131865306
Sidiki Cherif,0,0.0022808758430123977
Siebe Van Der Heyden,1,1.056726835261352
Silvan Widmer,1,1.030013266196061
Silvi Clúa,0,-0.027301433640462947
Silvère Ganvoula M'Boussy,0,-0.009286910780121449
Simon Adingra,4,4.063027024637046
Simon Cara,0,-0.01309664246918213
Simon Sohm,4,4.199323712128713
Simone Pafundi,0,0.02418571322246238
Simone Perilli,0,-0.04036259542649645
Simone Scuffet,0,-0.014639720615881091
Simone Verdi,0,-0.0349968786042108
Sinaly Diomande,5,4.767113593040458
Sirlord Conteh,2,2.0927816866666573
Skelly Alvero,0,0.04201923706655103
Sofiane Diop,10,10.093338889693625
Sofyan Amrabat,0,-0.04565310740481543
Solly March,0,-0.087145958136992
Son Heung-min,16,16.077254451057495
Sorba Thomas,4,4.033894655190361
Souleymane Touré,1,1.0776382522013956
Soumaïla Coulibaly,0,0.01939335850440871
Soungoutou Magassa,1,0.9515050716662161
Stanis Idumbo,2,2.0516320682643485
Stanislav Lobotka,1,0.9975543816181351
Stanko Jurić,0,-0.06386767882408939
Stanley N'Soki,0,0.018493230724789977
Stefan Bajcetic,1,0.9900425815105351
Stefan Bell,1,0.9464524326788251
Stefan Džodić,0,0.1155502414730773
Stefan Lainer,1,1.0159207350316901
Stefan Lekovic,0,-0.012195549384905746
Stefan Ortega,0,-0.008558351205521897
Stefan Posch,0,0.013465553836906619
Stefan Schimmer,0,0.014429580001860232
Stefan de Vrij,3,3.020993292814144
Stefano Sabelli,2,2.141927374905524
Stefano Sensi,1,0.8000302302897966
Stefano Turati,0,-0.04830286721667937
Stephan El Shaarawy,7,6.897238116583555
Stephy Mavididi,5,4.955878524428979
Steve Mandanda,0,-0.07750124877887765
Steve Mounié,1,1.0846114046570674
Steve Ngoura,0,0.06297223805296681
Steven Skrzybski,9,8.955651114174222
Stoichkov,1,0.9865065185711379
Stole Dimitrievski,0,-0.0400573327754461
Strahinja Pavlović,3,3.0085702270416586
Suat Serdar,3,2.9467987458256437
Suso,2,1.8816178430062984
Sven Botman,0,0.0010988312741073702
Sven Ulreich,0,0.013707992575476835
Szymon Żurkowski,0,-0.0020329514873677623
Sávio,9,9.044020193546238
Séamus Coleman,0,0.14668955474046913
Sébastien Haller,0,0.008391437911827837
Sékou Doucoure,0,-0.013596650878934913
Sérigné Diop,0,-0.012791991383982071
Tadeo Allende,0,-0.025403955251428467
Taiwo Awoniyi,1,1.3125780097839814
Tajon Buchanan,3,2.8311048623709727
Takefusa Kubo,5,5.417488833137309
Takehiro Tomiyasu,0,0.5131204803805878
Takuma Asano,3,2.795058770068865
Takumi Minamino,9,9.075726308514472
Tammy Abraham,7,7.506184124853698
Tamás Nikitscher,0,-0.0052135286478190435
Tanguy Coulibaly,3,3.0169396856150663
Tanguy Ndombele,3,3.0438697940136654
Tanguy Nianzou,0,0.15777262539256237
Tanner Tessmann,1,0.9461325721909886
Tariq Lamptey,4,4.167568908669676
Taylor Harwood-Bellis,1,0.9400137155400254
Teddy Teuma,1,0.8505502153000175
Terem Moffi,1,2.3720354345000265
Tete Morente,5,4.951087301113208
Teun Koopmeiners,6,5.958486985068978
Theo Bair,3,3.059816018934745
Theo Hernández,7,6.911811342459115
Thiago,0,-0.02225218011579988
Thiago Almada,5,4.909467698349092
Thiago Ojeda,0,-0.03275816424996508
Thibault De Smet,0,-0.02448846250227721
Thibaut Courtois,0,-0.022848091498876455
Thierno Barry,15,14.813906452972393
Thierry Correia,0,-0.07411722183274538
Thijs Dallinga,5,5.260782760339955
Thilo Kehrer,4,3.9270623615794054
Thomas Campaniello,0,0.3201720087952592
Thomas Delaine,0,-0.006545711863684023
Thomas Dähne,0,-0.006826330578288464
Thomas Keller,0,-0.01417565061537418
Thomas Kristensen,1,0.9441776821469599
Thomas Lemar,0,-0.05658222984152922
Thomas Meunier,2,2.290709268016178
Thomas Müller,5,5.052917391064472
Thomas Partey,6,6.011830137877542
Théo Chennahi,0,-0.06604644325656661
Théo De Percin,0,-0.027972590940811004
Théo Pellenard,0,-0.030048506776620743
Théo Sainte-Luce,1,0.9210275022532368
Tiago Cardoso,0,-0.016358511869529357
Tiago Gabriel,0,-0.020848437863922653
Tiago Santos,0,0.005551782402583472
Tiago Tomás,7,6.791052983842826
Tidiam Gomis,1,1.0768028837440002
Tijjani Noslin,4,4.016638422235419
Tijjani Reijnders,14,14.112370016651916
Tim Breithaupt,1,1.0464049002321627
Tim Drexler,0,0.03266956781046382
Tim Iroegbunam,1,0.9917899072729601
Tim Kleindienst,23,23.191669559694386
Tim Oermann,2,1.8696799558889636
Tim Siersleben,0,0.04240072691180574
Tim Skarke,2,1.9881000661337676
Timo Becker,2,2.0136551607957265
Timo Horn,0,-0.014469035897745675
Timo Werner,3,3.0354312523564664
Timon Weiner,0,-0.01471073667462991
Timothee Pembele,1,0.7320998862094603
Timothy Castagne,1,0.9469715086217922
Timothy Chandler,0,-0.0010229444255753228
Timothy Weah,7,6.892493382823098
Tino Kadewere,3,2.9766544275841
Tobias Sippel,0,0.01867477351617619
Toby Collyer,0,-0.013136990862411269
Tom Bischof,7,7.022551693377782
Tom Cairney,2,1.7667888247290375
Tom King,0,-0.0192146943603978
Tom Krauß,0,0.062013748940348445
Tom Louchet,1,0.9240231976073079
Tom Pouilly,0,-0.017738318841579892
Tom Rothe,6,6.210952069820758
Tommaso Augello,7,7.12554512308343
Tommaso Baldanzi,2,2.0427451107214343
Tommaso Gabellini,0,-0.048831462019729266
Tommaso Pobega,4,3.787516592013105
Tommaso Rubino,0,-0.0029402946711827305
Tommy Doyle,1,0.8114895041582202
Tomás Conechny,1,1.0297376544453807
Tomás Palacios,0,0.006977952749627536
Tomáš Souček,10,10.155733143385893
Tomáš Suslov,1,0.897643969207681
Tomáš Čvančara,2,2.2318810308123487
Toni Lato,0,-0.050094713272796465
Toni Martínez,4,4.107150924523166
Tosin Adarabioyo,2,1.9474936651658004
Toti Gomes,1,0.8992885260265406
Trent Alexander-Arnold,9,8.93494657931832
Trevoh Chalobah,4,3.820862244728717
Tuta,3,3.1527695461166787
Tyler Adams,3,3.0197614644950943
Tyler Dibling,2,2.000087524745913
Tyler Fredricson,0,-0.026978821543686415
Tymoteusz Puchacz,1,0.9865914058916296
Tyrell Malacia,0,-0.034260654605643204
Tyrick Mitchell,5,5.114843047253981
Tyrique George,2,2.1378076073689978
Tyrone Mings,0,0.05501991058911604
Tyronne Ebuehi,0,-0.009878669162360354
Téji Savanier,7,7.261571708065425
Téo Barisic,0,-0.01716256917269554
Ulisses Garcia,4,3.970548813195593
Umar Sadiq,5,4.824494404868071
Umut Tohumcu,1,0.9567102078115477
Unai García,0,-0.016717642224861218
Unai Gómez,4,4.098891374859962
Unai López,4,4.002577331500136
Unai Marrero,0,-0.028682791719710332
Unai Núñez,0,-0.03657455866232384
Unai Simón,0,0.06815185475947266
Urko González,2,1.9211765403835814
Valentin Atangana Edoa,1,1.0059600290223596
Valentin Carboni,0,-0.02787687837077929
Valentin Gendrey,2,1.8559666544577742
Valentin Mihaila,3,2.8822284505565
Valentin Rongier,4,4.005848791743208
Valentin Rosier,3,3.0742314504737434
Valentino Lazaro,6,5.937050424996087
Valentino Livramento,1,1.1814304368665864
Valentín Barco,2,2.120366905892598
Valentín Castellanos,13,13.131052851630985
Valentín Pezzolesi,0,-0.006935151353204105
Valery Fernández,2,1.7184296704024593
Vanderson,4,3.797664815971007
Vanja Milinković-Savić,0,-0.05086113064692921
Vanja Vlahović,0,-0.07585811034567419
Vasilije Adžić,0,0.011398100922903887
Vedat Muriqi,9,9.560595843530841
Vicente Guaita,0,0.08008924976241749
Victor Bernth Kristiansen,1,0.8869734282982176
Victor Boniface,9,8.973059843559094
Victor Lindelöf,0,-0.015070587632892152
Victor Nelsson,0,-0.01815945245246048
Victor Orakpo,0,-0.0034918719920076224
Viggo Gebel,0,-0.008028502078807342
Viktor Kovalenko,0,-0.005548424397723906
Viktor Tsyhankov,7,6.893674172032908
Vincent Sierro,6,6.192388771300228
Vincenzo Grifo,19,19.11034696361795
Vinicius Júnior,19,19.129939461525193
Virgil van Dijk,4,3.967578470863781
Vitaliy Mykolenko,3,2.9900911263763055
Vitaly Janelt,4,4.017957552443418
Vitezslav Jaros,0,-0.015393410203550784
Viti,2,2.145233528170028
Vitinha,11,11.372121827481848
Vitor Reis,0,-0.008712221537995779
Vitor Roque,4,4.311544643790516
Vladimír Coufal,0,0.0745260915663637
Víctor Meseguer,0,0.06585375210911149
Víctor Muñoz,0,-0.0943380474325961
Wahbi Khazri,2,2.1348187858145975
Waldemar Anton,4,4.000578241392683
Walid Cheddira,2,1.6994051320430152
Waren Kamanzi,2,1.975038654404217
Warmed Omari,0,-0.010649404269723606
Warren Bondo,0,0.1155001866212787
Warren Zaïre-Emery,3,3.1449443946207896
Wataru Endo,0,0.09850292716960996
Welington,0,0.01689439791999764
Wes Burns,1,1.0713231498414668
Wesley Fofana,0,0.10071425058813155
Wesley Saïd,3,3.2951571155071573
Weston McKennie,6,5.993990659475173
Wilfred Ndidi,5,4.90408162275811
Wilfried Ndollo,0,-0.03559571208448792
Wilfried Singo,3,3.073829903443574
Wilfried Zaha,0,-0.011129589778610782
Will Alves,0,-0.016687352832560565
Will Hughes,3,3.0250717766305457
Will Lankshear,0,-0.008189840580101138
Willi Orban,5,5.574954568818304
William Carvalho,0,-0.0006761532801582426
William Osula,1,1.1427251742071136
William Saliba,2,2.053981279409172
William Smallbone,1,1.0040939989318236
Willian,0,0.09694735570039781
Willian Pacho,1,0.9145996300735646
Williot Swedberg,9,9.150737566945912
Willy Boly,0,-0.023140617212425774
Willy Kambwala,0,0.09441261047024879
Wilson Odobert,1,0.8912152168773042
Wladimiro Falcone,0,-0.025480131110188542
Wojciech Szczęsny,0,0.017953386425732742
Wout Faes,1,0.9990123034471157
Woyo Coulibaly,1,0.9480502827032604
Wylan Cyprien,0,-0.15510706359387239
Xaver Schlager,0,-0.02804652764845339
Xavi Simons,16,15.934155023053167
Xavier Moreno,0,-0.020388021770988585
Yacine Adli,10,9.643453362030897
Yael Mouanga,0,-0.03172087630928355
Yael Nandjou,0,0.00496600044167006
Yahia Fofana,0,-0.09242048044686618
Yan Couto,0,-0.007518225049042648
Yan Diomandé,3,2.8578582101407664
Yangel Herrera,7,7.008572921209364
Yanis Issoufou,0,-0.022805618270649364
Yanis Zouaoui,2,2.08215161850154
Yankuba Minteh,10,9.947547307522175
Yann Aurel Bisseck,5,4.926175071577925
Yann Gboho,9,9.021162674307345
Yann Karamoh,1,0.9007816361922767
Yann Sommer,0,0.04433268027950976
Yannick Gerhardt,2,2.0798364371592117
Yannik Engelhardt,2,2.115059224551891
Yannik Keitel,0,0.026162069188977455
Yannik Lührs,0,-0.016490368199782557
Yarek Gasiorowski,0,-0.024785369938629953
Yaser Asprilla,4,3.865886610224551
Yasin Ayari,3,2.994071180268469
Yassin Belkhdim,2,2.0472261260228555
Yassine Kechta,2,1.8387254243790898
Yaya Kader Fofana,2,1.9879378892429864
Yehor Yarmoliuk,0,-0.013032371056940995
Yehvann Diouf,0,-0.021184301043217335
Yeray Álvarez,1,1.0159510893784092
Yeremi Pino,11,11.38710451134792
Yerry Mina,1,1.0941243231670938
Yerson Mosquera,0,-0.014014412463715542
Ylber Ramadani,2,2.1502819987690303
Yllan Okou,0,-0.014781242897327795
Yoane Wissa,23,23.1771999916917
Yoann Cissé,0,-0.01252597542921513
Yoann Salmier,0,0.003478245127608859
Yoel Lago,1,0.8703889092870842
Yoram Zague,0,-0.011239079281088526
Yorbe Vertessen,1,1.008962120115858
Yordan Osorio,0,-0.07816827337158544
Younes Lachaab,0,-0.048823898387380715
Youri Tielemans,10,10.047027198327783
Youssef Chermiti,0,-0.012237203167861588
Youssef Maleh,1,0.7926920340252273
Youssouf Fofana,7,7.135844543580088
Youssouf Ndayishimiye,3,2.9744314585266096
Youssouf Sabaly,1,0.866667107074043
Youssoufa Moukoko,3,2.860548447044208
Yukinari Sugawara,2,1.9762495292768048
Yunis Abdelhamid,0,-0.06670352131629648
Yunus Emre Konak,0,0.08356513818669792
Yunus Musah,2,1.7216174009732517
Yuri Berchiche,2,2.1001897147295128
Yussuf Poulsen,2,2.094260921803209
Yusuf Kabadayı,1,1.041783705932822
Yvan Neyou,2,1.9230843494241618
Yvann Macon,0,-0.0007467213784930204
Yves Bissouma,2,2.116617696457095
Zain Silcott-Duberry,0,-0.01714322779358668
Zakaria Aboukhlal,9,8.786728554124585
Zeki Çelik,2,1.8835323301227205
Zinedine Ferhat,2,2.0357979366370382
Zinédine Ould Khaled,0,0.003967345468647465
Zion Suzuki,0,0.20533030233939942
Zito Luvumbo,4,3.9329464775727536
Zuriko Davitashvili,17,17.145285346776554
Álex Berenguer,13,12.926089859186785
Álex Domínguez,0,-0.0029466687449610784
Álex Grimaldo,9,9.11870107997061
Álex Moreno,1,1.0468430353116112
Álex Muñoz,3,2.9047358196817727
Álex Remiro,0,0.007430303334938881
Álex Suárez,0,0.05108310946348937
Álex Valle,0,-0.055563971901475884
Álvaro Aguado,1,0.9484293000619803
Álvaro Fernández,0,-0.028072033175479905
Álvaro García,9,9.106928648320208
Álvaro Morata,5,5.008867936117657
Álvaro Odriozola,0,-0.01303640566117309
Álvaro Pascual,1,1.2063273126741263
Álvaro Rodríguez,2,2.1816115978871675
Álvaro Tejero,5,4.930401108204933
Álvaro djaló,1,0.9812153871137199
Ángel Correa,5,5.150034203718933
Ángel Ortíz,1,0.9016335424495319
Éder Militão,2,2.0260410814233794
Éderson,5,4.869671161767199
Óscar Mingueza,10,9.980671366631148
Óscar Perea,0,-0.022744399050915298
Óscar Rodríguez Arnaiz,5,5.087166697746264
Óscar Trejo,1,1.1744372794040008
Óscar Valentín,0,0.22510085112806877
Óscar de Marcos,4,3.889625020165773
Ørjan Nyland,0,-0.012210146023055368
Ümit Akdag,0,0.024263750745245893
Þórir Jóhann Helgason,4,3.935687904680105
Đorđe Petrović,0,-0.035262459623580655
İlkay Gündoğan,7,6.927761252764787
Łukasz Fabiański,0,-0.10234978575685219
Łukasz Skorupski,0,0.026823225234956394
